lat,long,SIC
-50.168032028888796,15.003332230311553,0.0
-50.059867876918354,15.61774537702029,0.0
-49.94756198954693,16.22849703057868,0.0
-49.83116148616169,16.83548229047334,0.0
-49.71071466478077,17.438600926417088,0.0
-49.5862709325713,18.03775740736757,0.0
-49.45788073638414,18.63286091838228,0.0
-49.32559549349714,19.223825365713825,0.0
-49.18946752274961,19.810569370589754,0.0
-49.04954997624161,20.393016252156052,0.0
-48.905896771761206,20.971094000093803,0.0
-48.75856252609285,21.54473523744343,0.0
-48.60760248934918,22.11387717419142,0.0
-48.45307248045777,22.678461552189976,0.0
-48.29502882392349,23.23843458199109,0.0
-48.133528287976084,23.793746872183476,0.0
-47.968628024201685,24.34435335182329,0.0
-47.80038550874639,24.89021318654878,0.0
-47.62885848516913,25.43128968896401,0.0
-47.45410490901128,25.967550223869377,0.0
-47.27618289413972,26.498966108905524,0.0
-47.095150660929164,27.025512511163992,0.0
-46.91106648621425,27.547168340302182,0.0
-46.72398865530834,28.063916138682323,0.0
-46.533975415754846,28.575741969034805,0.0
-46.34108493308919,29.082635300124988,0.0
-46.14537524851158,29.584588890880557,0.0
-45.94690423848625,30.081598673413442,0.0
-45.745729576259755,30.57366363534628,0.0
-45.54190869528422,31.060785701829328,0.0
-45.33549875452616,31.54296961760906,0.0
-45.12655660563658,32.020222829485185,0.0
-44.91513876195362,32.492555369468164,0.0
-44.70130136930451,32.9599797389252,0.0
-44.48510017857058,33.42251079397882,0.0
-44.26659051997542,33.88016563239882,0.0
-44.045827279053846,34.33296348220558,0.0
-43.822864874256595,34.7809255921811,0.0
-43.597757236144204,35.2240751244625,0.0
-43.370557788121154,35.66243704937297,0.0
-43.14131942866082,36.09603804262509,0.0
-42.91009451497021,36.52490638501382,0.0
-42.67693484804287,36.94907186469813,0.0
-42.44189165904805,37.368565682154504,0.0
-42.20501559700388,37.78342035786946,0.0
-41.96635671768218,38.193669642824176,0.0
-41.72596447369313,38.599348431810576,0.0
-41.483887705697946,39.000492679605635,0.0
-41.24017463469857,39.39713932001923,0.0
-40.99487285535412,39.789326187820116,0.0
-40.748029330274434,40.17709194353483,0.0
-40.49969038524217,40.56047600110534,0.0
-40.24990170531599,40.93951845838333,0.0
-39.998708331768455,41.314260030431626,0.0
-39.74615465981337,41.68474198559664,0.0
-39.492284437078695,42.051006084310195,0.0
-50.56415249279404,15.170278025411449,0.0
-50.45455196607729,15.790841186548262,0.0
-50.34076225991784,16.407626122421817,0.0
-50.22283189526165,17.020525611519858,0.0
-50.100810590771474,17.629437334496238,0.0
-49.97474919012811,18.2342639010106,0.0
-49.84469958941389,18.834912863656015,0.0
-49.71071466478077,19.43129671942694,0.0
-49.57284820059568,20.023332899222005,0.0
-49.43115481824541,20.61094374591297,0.0
-49.28568990577184,21.194056481542287,0.0
-49.13650954849758,21.77260316423745,0.0
-48.98367046079006,22.346520635450673,0.0
-48.82722991910043,22.915750458147798,0.0
-48.66724569640174,23.480238846580402,0.0
-48.503775998139176,24.039936588281023,0.0
-48.33687939979302,24.594798958922404,0.0
-48.166614786143846,25.144785630678946,0.0
-47.99304129231779,25.68986057472176,0.0
-47.81621824667882,26.229991958468872,0.0
-47.636205115624406,26.765152038198664,0.0
-47.453061450330324,27.2953170476189,0.0
-47.26684683548105,27.82046708296508,0.0
-47.07762084003021,28.340585985181573,0.0
-46.885442969901725,28.85566121971652,0.0
-46.690372622908846,29.36568375443795,0.0
-46.492469045537646,29.870647936153347,0.0
-46.291791291854615,30.370551366189456,0.0
-46.08839818442076,30.865394775462367,0.0
-45.882348277211314,31.35518189944122,0.0
-45.67369982051702,31.839919353381916,0.0
-45.46251072779802,32.31961650818019,0.0
-45.24883854445646,32.794285367166644,0.0
-45.032740418490306,33.263940444140225,0.0
-44.81427307298667,33.72859864291036,0.0
-44.59349278041029,34.18827913859343,0.0
-44.37045533863975,34.643003260884335,0.0
-44.14521604870191,35.09279437950068,0.0
-43.917829694153156,35.53767779197438,0.0
-43.688350522054115,35.97768061394415,0.0
-43.45683222548403,36.41283167208118,0.0
-43.223327927539366,36.84316139976171,0.0
-42.98789016676111,37.268701735580855,0.0
-42.750570883934905,37.689486024785474,0.0
-42.5114214102077,38.10554892368734,0.0
-42.27049245646543,38.516926307102764,0.0
-42.027834103915986,38.92365517885099,0.0
-41.78349579582276,39.32577358533049,0.0
-41.537526330334664,39.723320532180495,0.0
-41.28997385435905,40.11633590402435,0.0
-41.0408858584257,40.50486038728081,0.0
-40.790309172490474,40.88893539602089,0.0
-40.53828996262885,41.26860300083956,0.0
-40.28487372857056,41.643905860704066,0.0
-40.030105302028375,42.01488715773455,0.0
-39.77402884577496,42.381590534866525,0.0
-50.960909631262886,15.3408907640049,0.0
-50.84984415623134,15.967716032054422,0.0
-50.7345414034973,16.590641478438318,0.0
-50.61505134974342,17.209557520547897,0.0
-50.491425188319596,17.824359723205962,0.0
-50.363715253156926,18.43494882292201,0.0
-50.23197494283778,19.041230738439364,0.0
-50.09625864503575,19.643116568080202,0.0
-49.95662166152828,20.240522574439208,0.0
-49.813120133973165,20.833370157014514,0.0
-49.66581097062818,21.421585813397176,0.0
-49.51475177418045,22.005101089666155,0.0
-49.36000077083978,22.583852520656357,0.0
-49.20161674083694,23.157781560781842,0.0
-49.03965895045542,23.726834506105515,0.0
-48.874187085711974,24.29096240835097,0.0
-48.7052611877889,24.850120981551438,0.0
-48.53294159030833,25.404270502026037,0.0
-48.35728885852667,25.953375702364195,0.0
-48.17836373051575,26.49740566008687,0.0
-47.996227060385344,27.036333681636904,0.0
-47.81093976359157,27.57013718233217,0.0
-47.622562764364375,28.098797562893708,0.0
-47.43115694527823,28.622300083137663,0.0
-47.23678309898032,29.14063373339431,0.0
-47.03950188210008,29.653791104190834,0.0
-46.83937377122939,30.161768254706452,0.0
-46.6364590212329,30.66456458047988,0.0
-46.43081762551404,31.16218268081963,0.0
-46.222509278480075,31.654628226338264,0.0
-46.01159334007124,32.14190982700182,0.0
-45.79812880233694,32.62403890105632,0.0
-45.58217425802027,33.101029545164245,0.0
-45.363787871107704,33.57289840605487,0.0
-45.14302734929738,34.039664553964904,0.0
-44.91994991833595,34.501349358118674,0.0
-44.69461229817197,34.95797636447048,0.0
-44.46707068087065,35.40957117590742,0.0
-44.23738071023404,35.85616133508592,0.0
-44.00559746306851,36.29777621005321,0.0
-43.77177543204072,36.734446882782436,0.0
-43.53596851006238,37.1662060407301,0.0
-43.298229976144135,37.59308787150477,0.0
-43.05861248265803,38.015127960718246,0.0
-42.81716804394882,38.43236319307323,0.0
-42.57394802623458,38.844831656726,0.0
-42.329003138737406,39.252572550947974,0.0
-42.082383425985974,39.655626097096885,0.0
-41.834138261232845,40.054033452895844,0.0
-41.58431634092991,40.447836630007586,0.0
-41.332965680207224,40.83707841488108,0.0
-41.080133609301306,41.22180229283842,0.0
-40.82586677088062,41.602052375362,0.0
-40.57021111821739,41.97787333053457,0.0
-40.31321191415626,42.349310316578176,0.0
-40.05491373083239,42.71640891843295,0.0
-51.358284546647866,15.515289475728801,0.0
-51.24572471118475,16.14849155113314,0.0
-51.12887883921629,16.77766709702809,0.0
-51.007798419883535,17.40270413135628,0.0
-50.88253617774643,18.023496078930282,0.0
-50.75314599313038,18.639941792646887,0.0
-50.61968282271223,19.25194556014653,0.0
-50.48220262057112,19.859417096483845,0.0
-50.34076225991783,20.46227152342221,0.0
-50.19541945570335,21.060429336004738,0.0
-50.04623268829399,21.653816357087486,0.0
-49.89326112838719,22.242363680546664,0.0
-49.73656456332771,22.826007603892062,0.0
-49.57620332497051,23.404689551032313,0.0
-49.412238219222026,23.97835598594578,0.0
-49.24473045737838,24.546958318013246,0.0
-49.0737415893647,25.11045279976587,0.0
-48.89933343896676,25.66880041779448,0.0
-48.72156804113298,26.22196677755446,0.0
-48.54050758141216,26.769921982785032,0.0
-48.35621433758015,27.31264051024245,0.0
-48.168750623497345,27.850101080424686,0.0
-47.9781787352275,28.382286524940366,0.0
-47.78456089943801,28.90918365114783,0.0
-47.58795922409242,29.430783104661526,0.0
-47.38843565143596,29.94707923029265,0.0
-47.18605191326741,30.458069931959816,0.0
-46.98086948850012,30.96375653207352,0.0
-46.77294956288097,31.464143630865752,0.0
-46.562352991110004,31.95923896610333,0.0
-46.34914026096586,32.44905327359131,0.0
-46.1333714596656,32.93360014884033,0.0
-45.9151062423076,33.4128959102403,0.0
-45.69440380236631,33.8869594640517,0.0
-45.471322844186325,34.35581217149561,0.0
-45.24592155742076,34.819477718194705,0.0
-45.01825759335549,35.27798198618896,0.0
-44.788388043059726,35.73135292872337,0.0
-44.556369417300616,36.17962044797895,0.0
-44.32225762815951,36.62281627589435,0.0
-44.08610797228574,37.06097385820211,0.0
-43.84797511572344,37.49412824178204,0.0
-43.60791308024737,37.92231596541399,0.0
-43.365975231142706,38.345574953993406,0.0
-43.12221426636505,38.76394441625522,0.0
-42.87668220701703,39.1774647460358,0.0
-42.629430389078664,39.58617742708732,0.0
-42.380509456329776,39.990124941445565,0.0
-42.12996935440392,40.389350681339394,0.0
-41.87785932591438,40.78389886461901,0.0
-41.624227906594285,41.17381445366995,0.0
-41.36912292239451,41.559143077770294,0.0
-41.112591487484494,41.93993095884091,0.0
-40.854680003102715,42.31622484053102,0.0
-40.59543415720563,42.688071920575226,0.0
-40.33489892486502,43.05551978635279,0.0
-51.86595498514131,15.049863462072656,0.0
-51.756257691448305,15.693598251223158,0.0
-51.64217321242779,16.333294495250716,0.0
-51.52375327168596,16.96883212874845,0.0
-51.40105093022289,17.600096734004122,0.0
-51.27412050293926,18.226979574691406,0.0
-51.143017475225534,18.84937761352952,0.0
-51.00779841988354,19.467193514487743,0.0
-50.8685209146195,20.08033563016759,0.0
-50.72524346033233,20.688717975044554,0.0
-50.57802540040852,21.29226018529246,0.0
-50.42692684121915,21.890887465947216,0.0
-50.27200857400048,22.484530526193392,0.0
-50.1133319982839,23.073125503576144,0.0
-49.95095904702606,23.65661387795396,0.0
-49.784952113575024,24.234942376013677,0.0
-49.61537398059263,24.80806286716979,0.0
-49.44228775103914,25.37593225166459,0.0
-49.26575678131174,25.93851234167558,0.0
-49.08584461661405,26.495769736221533,0.0
-48.9026149286208,27.047675690639718,0.0
-48.71613145548871,27.59420598138397,0.0
-48.52645794425225,28.135340766867813,0.0
-48.33365809563143,28.671064445047918,0.0
-48.137795511267704,29.20136550841301,0.0
-47.93893364339375,29.72623639701035,0.0
-47.73713574693345,30.24567335010844,0.0
-47.53246483401935,30.759676257059375,0.0
-47.32498363090717,31.268248507889012,0.0
-47.11475453727674,31.771396844107077,0.0
-46.901839587777836,32.269131210193606,0.0
-46.68630041604626,32.76146460618232,0.0
-46.46819822079058,33.248412941726684,0.0
-46.24759373416245,33.7299948919996,0.0
-46.02454719225038,34.206231755744625,0.0
-45.79911830765603,34.67714731576356,0.0
-45.57136624409143,35.142767702094524,0.0
-45.34134959293326,35.603121258104004,0.0
-45.10912635166846,36.058238409688336,0.0
-44.87475390416377,36.508151537752205,0.0
-44.63828900269076,36.952894854106496,0.0
-44.3997877516375,37.392504280903374,0.0
-44.15930559283732,37.82701733370368,0.0
-43.916897292445505,38.25647300825066,0.0
-43.67261692929474,38.68091167100432,0.0
-43.42651788466102,39.10037495347232,0.0
-43.178652833372254,39.514905650356816,0.0
-42.92907373619314,39.924547621521015,0.0
-42.67783183342066,40.32934569776537,0.0
-42.4249776396265,40.729345590390665,0.0
-42.170560939483636,41.124593804513594,0.0
-41.91463078461633,41.515137556090544,0.0
-41.65723549141433,41.901024692595726,0.0
-41.39842263975402,42.28230361729226,0.0
-41.13823907257082,42.65902321702721,0.0
-40.876730896229574,43.0312327934762,0.0
-40.61394348164095,43.39898199775715,0.0
-52.266010256501524,15.225462505130025,0.0
-52.1548088400573,15.875946505222576,0.0
-52.03916852941058,16.522256991640475,0.0
-51.919142660067486,17.164271136054154,0.0
-51.794785927109395,17.80187205149088,0.0
-51.666154297650664,18.43494882292201,0.0
-51.5333049234689,19.06339652079042,0.0
-51.39629605407309,19.687116198125864,0.0
-51.25518695046081,20.306014871955735,0.0
-51.11003779980098,20.920005489769675,0.0
-50.960909631262886,21.529006881839123,0.0
-50.80786423319643,22.132943700227315,0.0
-50.65096407185204,22.73174634535125,0.0
-50.49027221181216,23.325350880975858,0.0
-50.32585223829,23.913698938531564,0.0
-50.15776818143406,24.49673761165065,0.0
-49.986084442761744,25.074419341815677,0.0
-49.81086572382842,25.646701796004688,0.0
-49.63217695722355,26.21354773720464,0.0
-49.450083239970176,26.77492488864554,0.0
-49.26464976938976,27.330805792585316,0.0
-49.07594178148068,27.881167664448352,0.0
-48.884024491845466,28.425992243091013,0.0
-48.68896303918976,28.965265637934632,0.0
-48.490822431404304,29.498978173671524,0.0
-48.289667494230336,30.027124233213083,0.0
-48.085562822499185,30.54970209951073,0.0
-47.878572733927335,31.06671379684192,0.0
-47.668761225439816,31.5781649321138,0.0
-47.45619193198751,32.08406453669754,0.0
-47.240928087816776,32.5844249092672,0.0
-47.02303249016185,33.079261460077696,0.0
-46.80256746519889,33.56859255707841,0.0
-46.579594836473376,34.05243937422163,0.0
-46.3541758953817,34.530825742288584,0.0
-46.126371373908576,35.00377800252107,0.0
-45.89624141944602,35.47132486331296,0.0
-45.66384557164152,35.93349726018383,0.0
-45.429242741203176,36.39032821922645,0.0
-45.192491190588726,36.84185272419091,0.0
-44.953648516504146,37.28810758734112,0.0
-44.71277163413747,37.72913132419374,0.0
-44.46991676305304,38.16496403222588,0.0
-44.22513941467203,38.59564727361586,0.0
-43.97849438126524,39.021223962060446,0.0
-43.73003572638537,39.44173825369387,0.0
-43.47981677666687,39.85723544211576,0.0
-43.22789011492274,40.2677618575203,0.0
-42.974307574469165,40.673364769903856,0.0
-42.71912023461054,41.07409229631602,0.0
-42.46237841721911,41.469993312107306,0.0
-42.204131684345185,41.86111736611644,0.0
-41.944428836796426,42.24751459973132,0.0
-41.68331791362573,42.629235669749626,0.0
-41.42084619247035,43.00633167495851,0.0
-41.15706019068642,43.378854086346585,0.0
-40.892005667225106,43.746854680856984,0.0
-52.666653984488825,15.405107312045233,0.0
-52.55391705871751,16.062469255589374,0.0
-52.4366887879548,16.71551682075095,0.0
-52.315024185016405,17.364124368135048,0.0
-52.18897964426003,18.008172511018003,0.0
-52.05861284976973,18.64754814224965,0.0
-51.923982683815034,19.282144442999265,0.0
-51.78514913586585,19.911860874073017,0.0
-51.64217321242779,20.536603150593304,0.0
-51.495116847946726,21.15628320088378,0.0
-51.344042817014,21.77081911044739,0.0
-51.1890146480859,22.380135051959574,0.0
-51.03009653891369,22.984161202224367,0.0
-50.867353273861895,23.58283364705831,0.0
-50.70085014327475,24.176094275076395,0.0
-50.530652865033005,24.763890661355624,0.0
-50.35682750842559,25.346175941946694,0.0
-50.17944042044346,25.922908680192275,0.0
-49.998558154586384,26.494052725792972,0.0
-49.81424740225761,27.059577067539173,0.0
-49.62657492680555,27.61945568059983,0.0
-49.43560750025739,28.17366736922783,0.0
-49.2414118427755,28.722195605707075,0.0
-49.044054564854775,29.265028366329012,0.0
-48.84360211226649,29.80215796514672,0.0
-48.64012071374334,30.333580886213376,0.0
-48.433676331389805,30.859297614969474,0.0
-48.22433461379243,31.379312469399704,0.0
-48.01216085179595,31.893633431537033,0.0
-47.797219936903616,32.40227197984771,0.0
-47.579576322252585,32.9052429229879,0.0
-47.359293986109854,33.40256423537988,0.0
-47.13643639784585,33.89425689501435,0.0
-46.91106648621425,34.38034472384487,0.0
-46.68324661013415,34.860854231101044,0.0
-46.45303853155074,35.335814459810145,0.0
-46.22050339056193,35.80525683678011,0.0
-45.98570168262932,36.269215026263204,0.0
-45.74869323781256,36.72772478748705,0.0
-45.50953720194736,37.18082383620897,0.0
-45.26829201968694,37.628551710421284,0.0
-45.02501541932665,38.07094964030808,0.0
-44.779764399331526,38.50806042252933,0.0
-44.53259521648729,38.93992829888512,0.0
-44.283563375595854,39.36659883939135,0.0
-44.032723620637945,39.788118829779336,0.0
-43.78012992732629,40.20453616341339,0.0
-43.52583549697499,40.615899737605055,0.0
-43.26989275161172,41.02225935428773,0.0
-43.01235333026212,41.423665625002656,0.0
-42.75326808633691,41.82016988013577,0.0
-42.49268708605509,42.2118240823349,0.0
-42.23065960783836,42.598680744027455,0.0
-41.967234142614295,42.98079284895164,0.0
-41.70245839496814,43.35821377760729,0.0
-41.43637928508538,43.73099723652716,0.0
-41.16904295142958,44.09919719126471,0.0
-53.067865465464855,15.58893567518615,0.0
-52.95356067355094,16.253307419370547,0.0
-52.834711336665315,16.913217710273745,0.0
-52.71137421356156,17.568538051817367,0.0
-52.583607466200476,18.21914653073411,0.0
-52.45147056342343,18.864927839127894,0.0
-52.315024185016405,19.505773277708975,0.0
-52.17433012646122,20.141580740521423,0.0
-52.029451204653846,20.772254682045833,0.0
-51.88045116485057,21.39770606761573,0.0
-51.72739458908475,22.017852308130557,0.0
-51.57034680627696,22.63261718008294,0.0
-51.40937380424199,23.24193073194255,0.0
-51.244542143776584,23.845729177954464,0.0
-51.075918874991906,24.443954780416536,0.0
-50.90357145603567,25.036555721498758,0.0
-50.72756767432994,25.623485965658663,0.0
-50.54797557043177,26.204705113690757,0.0
-50.36486336460648,26.78017824942604,0.0
-50.178299386185884,27.34987578006988,0.0
-49.988352005767666,27.913773271134488,0.0
-49.79508957029633,28.471851276885513,0.0
-49.59858034105174,29.02409516718261,0.0
-49.39889243455758,29.570494951551083,0.0
-49.196093766409035,30.111045101277018,0.0
-48.99025199800763,30.645744370271732,0.0
-48.78143448618001,31.174595615404105,0.0
-48.56970823564793,31.69760561695096,0.0
-48.35513985430744,32.214784899767814,0.0
-48.137795511267704,32.72614755573403,0.0
-47.91774089759253,33.231711067979354,0.0
-47.69504118968159,33.73149613735208,0.0
-47.46976101522304,34.225526511544324,0.0
-47.24196442164452,34.71382881724571,0.0
-47.01171484700391,35.19643239565496,0.0
-46.77907509313147,35.67336914163819,0.0
-46.544107301210914,36.14467334678477,0.0
-46.30687292935713,36.610381546574686,0.0
-46.06743273237224,37.070532371837196,0.0
-45.82584674348721,37.525166404648296,0.0
-45.58217425802027,37.97432603878452,0.0
-45.33647381886555,38.41805534482199,0.0
-45.088803203726044,38.856399939944595,0.0
-44.83921941400568,39.28940686250036,0.0
-44.5877786652768,39.717124451323826,0.0
-44.334536379240284,40.13960222982207,0.0
-44.07954717709773,40.55689079480386,0.0
-43.822864874256595,40.96904171001531,0.0
-43.564542476291464,41.37610740433068,0.0
-43.304632176086635,41.778141074534105,0.0
-43.04318535208778,42.17519659261663,0.0
-42.780252567592385,42.56732841750283,0.0
-42.51588357101167,42.954591511112774,0.0
-42.2501272970388,43.337041258657734,0.0
-41.98303186866082,43.71473339306169,0.0
-41.714644599954575,44.08772392339578,0.0
-41.44501199960902,44.45606906720857,0.0
-53.58087373373976,15.10109816138544,0.0
-53.469623261021134,15.777091535409486,0.0
-53.353717236516665,16.448608127039815,0.0
-53.233212711192934,17.115509646849112,0.0
-53.1081682617673,17.777664699558947,0.0
-52.97864388942995,18.43494882292201,0.0
-52.84470091875499,19.087244505197642,0.0
-52.70640189713246,19.734441182057147,0.0
-52.56381049503507,20.37643521383639,0.0
-52.416991407414535,21.013129844121924,0.0
-52.26601025650153,21.644435140714,0.0
-52.110933496263065,22.27026792005531,0.0
-51.951828318749556,22.89055165624833,0.0
-51.788762562542416,23.50521637580767,0.0
-51.62180462349169,24.114198539306965,0.0
-51.45102336791181,24.717440911083397,0.0
-51.27648804838268,25.314892418157736,0.0
-51.09826822228286,25.90650799951439,0.0
-50.916433673161485,26.492248446865098,0.0
-50.73105433503695,27.072080237992765,0.0
-50.542200219691495,27.64597536373868,0.0
-50.34994134701366,28.213911149658415,0.0
-50.1543476784244,28.775870073329415,0.0
-49.955489053406495,29.331839578247514,0.0
-49.75343512914333,29.881811885201124,0.0
-49.54825532325904,30.425783801961266,0.0
-49.340018759640294,30.96375653207352,0.0
-49.128794217308474,31.495735483485067,0.0
-48.914650082300966,32.02173007768648,0.0
-48.697654302511175,32.541753559995115,0.0
-48.47787434542883,33.05582281155367,0.0
-48.25537715871499,33.56395816356638,0.0
-48.03022913353982,34.06618321424422,0.0
-47.80249607060619,34.562524648881826,0.0
-47.5722431487776,35.053012063441514,0.0
-47.339534896225075,35.53767779197438,0.0
-47.10443516402297,36.01655673816527,0.0
-46.86700710199632,36.48968621124753,0.0
-46.62731313699382,36.95710576649469,0.0
-46.38541495314088,37.41885705045962,0.0
-46.141373474242336,37.874983651098205,0.0
-45.89524884813693,38.32553095288243,0.0
-45.64710043292787,38.770545996978974,0.0
-45.396986784997694,39.21007734654205,0.0
-45.144965648716386,39.64417495714481,0.0
-44.89109394775355,40.07289005235099,0.0
-44.63542777790715,40.4962750044081,0.0
-44.37802240136316,40.91438322002513,0.0
-44.11893224230307,41.32726903118117,0.0
-43.858210883778014,41.734987590896964,0.0
-43.595911065771304,42.13759477388825,0.0
-43.33208468437342,42.53514708200877,0.0
-43.06678279199633,42.9277015543809,0.0
-42.80005559855682,43.31531568210371,0.0
-42.531952473560985,43.69804732742113,0.0
-42.262521949025356,44.0759546472273,0.0
-41.991811723172376,44.44909602078143,0.0
-41.71986866484112,44.81752998150095,0.0
-53.98473470086813,15.286291594167505,0.0
-53.87190516357606,15.969725317512847,0.0
-53.754363489138335,16.648525056170733,0.0
-53.632168596186865,17.32254920662422,0.0
-53.50538095501555,17.991663435636866,0.0
-53.374062481147,18.655740714645596,0.0
-53.23827642921481,19.314661331313072,0.0
-53.09808728751403,19.968312879183777,0.0
-52.953560673550946,20.61659022647348,0.0
-52.804763230902964,21.259395465093412,0.0
-52.65176252767647,21.896637841069317,0.0
-52.49462695682757,22.528233667561103,0.0
-52.333425638587684,23.15410622172227,0.0
-52.16822832521201,23.774185626659598,0.0
-51.99910530824591,24.388408719763937,0.0
-51.82612732848069,24.996718908682706,0.0
-51.649365488748145,25.599066016194904,0.0
-51.46889116968032,26.19540611523097,0.0
-51.284775948540435,26.785701355253423,0.0
-51.09709152120985,27.369919781180858,0.0
-50.90590962739644,27.948035145998485,0.0
-50.71130197911156,28.52002671815395,0.0
-50.51334019244484,29.08587908478816,0.0
-50.312095722650376,29.645581951798686,0.0
-50.107639802541975,30.19912994167804,0.0
-49.90004338418202,30.746522390012423,0.0
-49.689377083835105,31.28776314146797,0.0
-49.475711130146394,31.822860346032694,0.0
-49.259115315493936,32.35182625622329,0.0
-49.039658950455426,32.874677025907246,0.0
-48.81741082132084,33.39143251133305,0.0
-48.59243915057626,33.90211607490458,0.0
-48.36481156027719,34.406754392181064,0.0
-48.134595038224944,34.90537726253061,0.0
-47.90185590685549,35.39801742381487,0.0
-47.6666597947461,35.884710371433236,0.0
-47.42907161064351,36.36549418200894,0.0
-47.18915551991404,36.840409341956125,0.0
-46.94697492333463,37.30949858112534,0.0
-46.70259243801393,37.77280671168693,0.0
-46.456069880615395,38.23038047237606,0.0
-46.2074682524206,38.68226837818977,0.0
-45.956847726402394,39.12852057559637,0.0
-45.704267636102735,39.569188703289235,0.0
-45.449786466235864,40.00432575849183,0.0
-45.19346184492217,40.43398596879764,0.0
-44.93535053745986,40.85822466950798,0.0
-44.675508441544316,41.27709818641198,0.0
-44.41399058384712,41.69066372393668,0.0
-44.1508511178699,42.098979258580506,0.0
-43.886143322990684,42.502103437530764,0.0
-43.61991960462354,42.90009548235483,0.0
-43.35223149541513,43.29301509764529,0.0
-43.08312965740503,43.68092238449146,0.0
-42.81266388507953,44.06387775864332,0.0
-42.540883109251894,44.44194187322841,0.0
-42.26783540170492,44.81517554587852,0.0
-41.99356798053492,45.183639690119776,0.0
-54.38913142623112,15.47597138489838,0.0
-54.27468815966358,16.166994287016177,0.0
-54.155475323829805,16.85321878587796,0.0
-54.03155378476226,17.534499905920683,0.0
-53.90298598573155,18.2107003416983,0.0
-53.76983583535862,18.881690486937394,0.0
-53.63216859618686,19.547348439219803,0.0
-53.49005077408721,20.207559981357694,0.0
-53.34355000884699,20.86221854061623,0.0
-53.192734966269,21.511225127013624,0.0
-53.03767523208326,22.154488251988276,0.0
-52.87844120794768,22.791923828768308,0.0
-52.71510400978923,23.423455055810628,0.0
-52.547735368710754,24.04901228469544,0.0
-52.37640753466349,24.6685328738687,0.0
-52.20119318306007,25.281961029620312,0.0
-52.022165324478166,25.88924763567048,0.0
-51.839397217581165,26.490350072712317,0.0
-51.652962285359386,27.085232029225814,0.0
-51.46293403477308,27.673863304837916,0.0
-51.269385979858,28.256219607457037,0.0
-51.07239156833428,28.832282345358358,0.0
-50.87202411174118,29.40203841534002,0.0
-50.66835671910297,29.965479988010582,0.0
-50.46146223411529,30.522604291205845,0.0
-50.25141317582714,31.07341339246897,0.0
-50.03828168277993,31.617913981462856,0.0
-49.822139460553515,32.156117153117975,0.0
-49.60305773265822,32.68803819225372,0.0
-49.38110719470264,33.213696360346894,0.0
-49.156357971758595,33.73311468505749,0.0
-48.92887957883748,34.24631975306046,0.0
-48.69874088438646,34.75334150667242,0.0
-48.4660100767077,35.25421304470511,0.0
-48.23075463319982,35.74897042792234,0.0
-47.99304129231779,36.23765248942528,0.0
-47.75293602814469,36.72030065024151,0.0
-47.51050402746782,37.1969587403469,0.0
-47.26580966925004,37.66767282530613,0.0
-47.01891650640581,38.13249103867709,0.0
-46.76988724966447,38.591463420287056,0.0
-46.51878375368266,39.04464176045407,0.0
-46.2656670049418,39.49207945019532,0.0
-46.010597111592176,39.93383133743554,0.0
-45.75363329503463,40.36995358920233,0.0
-45.49483388315697,40.800503559771826,0.0
-45.234256305126834,41.22553966470703,0.0
-44.97195708764584,41.64512126071265,0.0
-44.70799185257282,42.05930853121356,0.0
-44.442415315826615,42.46816237754996,0.0
-44.175281287482775,42.87174431566956,0.0
-43.906642672981064,43.27011637818691,0.0
-43.63655147536462,43.66334102167089,0.0
-43.365058798474536,44.05148103901394,0.0
-43.09221485102728,44.434599476731215,0.0
-42.81806895150539,44.81275955703256,0.0
-42.54266953379564,45.18602460450752,0.0
-42.26606415351171,45.55445797726091,0.0
-54.794041182302934,15.670298244202641,0.0
-54.67794839073209,16.369062929791195,0.0
-54.557027742632954,17.062857173461396,0.0
-54.431342135294116,17.751532573355245,0.0
-54.30095606836208,18.43494882292201,0.0
-54.16593552618173,19.11297373367331,0.0
-54.02634786075992,19.785483231928033,0.0
-53.88226167574785,20.45236133074873,0.0
-53.7337467118123,21.113500078365256,0.0
-53.58087373373976,21.768799484458583,0.0
-53.42371441958982,22.418167425738474,0.0
-53.26234125218633,23.06151953229353,0.0
-53.09682741320696,23.698779056221955,0.0
-52.92724668010343,24.32987672406646,0.0
-52.75367332605691,24.954750574578995,0.0
-52.57618202314601,25.573345783330456,0.0
-52.394847748877815,26.185614475659012,0.0
-52.209745696207094,26.791515529419176,0.0
-52.02095118714392,27.391014368953158,0.0
-51.82853959002637,27.98408275165794,0.0
-51.632586240513135,28.5706985484666,0.0
-51.433166366329495,29.150845519502482,0.0
-51.230355015781015,29.724513086099883,0.0
-51.02422699003093,30.291696100317253,0.0
-50.8148567791212,30.852394612998314,0.0
-50.60231850170128,31.406613641364757,0.0
-50.38668584841566,31.954362937051393,0.0
-50.16803202888879,32.49565675542197,0.0
-49.94642972223492,33.03051362693179,0.0
-49.721951031011145,33.55895613123258,0.0
-49.49466743852362,34.08101067464551,0.0
-49.26464976938976,34.596707271561726,0.0
-49.0319681532536,35.10607933026459,0.0
-48.796691991546425,35.60916344360651,0.0
-48.55888992718137,36.105999184914026,0.0
-48.31862981706741,36.596628909439175,0.0
-48.07597870732661,37.081097561622784,0.0
-47.831002811097086,37.5594524883861,0.0
-47.58376748880369,38.03174325862146,0.0
-47.33433723077866,38.498021489010256,0.0
-47.082775642133406,38.958340676257414,0.0
-46.82914542965804,39.41275603579565,0.0
-46.57350839090191,39.8613243469804,0.0
-46.315925404969384,40.304103804766264,0.0
-46.05645642518542,40.74115387782965,0.0
-45.795160473419266,41.17253517307819,0.0
-45.53209563598049,41.598309306466284,0.0
-45.26731906098669,42.01853878001781,0.0
-45.00088695710615,42.43328686494043,0.0
-44.73285459358185,42.842617490702104,0.0
-44.46327630144717,43.24659513992846,0.0
-44.192205475846826,43.64528474896937,0.0
-43.919694579380646,44.03875161397526,0.0
-43.645795146391364,44.42706130231652,0.0
-43.37055778812115,44.81027956917468,0.0
-43.09403219866529,45.18847227912986,0.0
-42.81626716165524,45.56170533256655,0.0
-42.53731055760638,45.93004459671843,0.0
-55.31226942217666,15.157787347906407,0.0
-55.199440402841105,15.86944042684106,0.0
-55.08166111125526,16.57610335617337,0.0
-54.95899481316549,17.277615754792496,0.0
-54.831506525332365,17.97382574485035,0.0
-54.699262891400444,18.664589996118654,0.0
-54.562332058130266,19.349773741349935,0.0
-54.42078355243823,20.02925076388014,0.0
-54.27468815966358,20.702903358827847,0.0
-54.12411780345334,21.370622269343183,0.0
-53.969145427626614,22.032306599439075,0.0
-53.80984488034975,22.68786370499832,0.0
-53.646290800922465,23.337209064593598,0.0
-53.47855850944498,23.980266131784052,0.0
-53.30672389960466,24.616966170563042,0.0
-53.13086333479121,25.24724807562803,0.0
-52.95105354771895,25.87105817912648,0.0
-52.767371543706716,26.48835004550262,0.0
-52.57989450773772,27.09908425603008,0.0
-52.38869971539548,27.703228184566175,0.0
-52.19386444774676,28.300755766006375,0.0
-51.99546591021881,28.8916472588534,0.0
-51.79358115549611,29.475889003245747,0.0
-51.588287010441206,30.053473175716643,0.0
-51.3796600070253,30.624397541877237,0.0
-51.167776317237255,31.18866520813831,0.0
-50.95271169192343,31.746284373504633,0.0
-50.7345414034973,32.29726808239476,0.0
-50.513340192444836,32.841633979358875,0.0
-50.28918221754087,33.379404066487744,0.0
-50.06214100968188,33.910604464227966,0.0
-49.83228942923283,34.435265176243824,0.0
-49.599699626778325,34.95341985889235,0.0
-49.364443007163025,35.465105595809064,0.0
-49.12659019670186,35.97036267803489,0.0
-48.886211013436856,36.46923439005187,0.0
-48.64337444031501,36.961766802035605,0.0
-48.39814860116066,37.4480085685769,0.0
-48.15060073931414,37.928010734073005,0.0
-47.900797198809364,38.40182654494072,0.0
-47.64880340796335,38.86951126875927,0.0
-47.39468386525203,39.33112202041028,0.0
-47.138502127366195,39.786717595244745,0.0
-46.880320799219795,40.23635830927382,0.0
-46.620201526055986,40.68010584634938,0.0
-46.35820498718467,41.11802311227378,0.0
-46.09439089150001,41.55017409575396,0.0
-45.828817974564984,41.97662373609373,0.0
-45.56154399717476,42.397437797500196,0.0
-45.29262574529715,42.81268274986363,0.0
-45.02211903129262,43.222425655857215,0.0
-44.750078696320024,43.626734064191105,0.0
-44.47655861383849,44.02567590884651,0.0
-44.201611694119656,44.41931941410729,0.0
-43.925289889688976,44.80773300520143,0.0
-43.64764420161821,45.190985224359686,0.0
-43.36872468659555,45.569144652096675,0.0
-43.08858046470365,45.942279833517,0.0
-42.8072597278394,46.310459209449505,0.0
-55.719796163597074,15.353677859594214,0.0
-55.605304640493955,16.073574164746393,0.0
-55.48580064393988,16.788295731316005,0.0
-55.36134962155978,17.497678170094286,0.0
-55.23201880241666,18.201566083070105,0.0
-55.09787706623475,18.89981310118347,0.0
-54.95899481316549,19.592281891051528,0.0
-54.81544383457056,20.278844132070805,0.0
-54.6672971852655,20.959380465422896,0.0
-54.51462905763654,21.633780416613092,0.0
-54.35751465801034,22.301942293252452,0.0
-54.196030085622766,22.963773059854553,0.0
-54.03025221449922,23.61918819145905,0.0
-53.860258578524935,24.268111507917148,0.0
-53.68612725995036,24.91047499067896,0.0
-53.50793678154324,25.546218583912648,0.0
-53.32576600256755,26.17528998175993,0.0
-53.139694018737515,26.797644403494647,0.0
-52.94980006626615,27.413244358301846,0.0
-52.75616343009826,28.022059401335373,0.0
-52.55886335639204,28.624065882644402,0.0
-52.35797896928774,29.21924669048461,0.0
-52.15358919197844,29.80759099044973,0.0
-51.94577267207671,30.389093961774577,0.0
-51.734607711250824,30.96375653207352,0.0
-51.52017219908646,31.531585111688923,0.0
-51.302543551113104,32.092591328734166,0.0
-51.081798650920874,32.64679176582587,0.0
-50.85801379627956,33.19420769941095,0.0
-50.631264649161636,33.73486484250676,0.0
-50.40162618956062,34.26879309158755,0.0
-50.16917267298886,34.796026278268315,0.0
-49.93397759153132,35.31660192635793,0.0
-49.696113638327716,35.8305610147783,0.0
-49.455652675349924,36.33794774677442,0.0
-49.21266570433988,36.83880932577332,0.0
-48.96722284077029,37.33319573818583,0.0
-48.719393290689936,37.82115954338677,0.0
-48.469245330315175,38.302755671054186,0.0
-48.21684628822952,38.77804122599749,0.0
-47.96226253005492,39.24707530055882,0.0
-47.70555944545997,39.70991879462873,0.0
-47.446801437372486,40.16663424328011,0.0
-47.18605191326741,40.61728565198895,0.0
-46.9233732784218,41.06193833938047,0.0
-46.65882693090452,41.500658787411176,0.0
-46.392473258454864,41.9335144988741,0.0
-46.1243716367734,42.36057386209274,0.0
-45.85458042938393,42.78190602265175,0.0
-45.58315698885325,43.19758076199674,0.0
-45.31015765928432,43.60766838272277,0.0
-45.035637779985535,44.01223960036019,0.0
-44.759651690222746,44.411365441458436,0.0
-44.482252734965606,44.8051171477614,0.0
-44.20349327154396,45.193566086263246,0.0
-43.9234246771343,45.57678366493021,0.0
-43.64209735700057,45.95484125387219,0.0
-43.35956075341803,46.32781011174696,0.0
-43.07586335521251,46.695761317180825,0.0
-56.127801063215145,15.554571270074405,0.0
-56.01160852139637,16.282884129022086,0.0
-55.89034033179646,17.00582873368057,0.0
-55.76406422215411,17.723236616886318,0.0
-55.63284973154989,18.43494882292201,0.0
-55.49676807257823,19.140815937404454,0.0
-55.35589199426859,19.84069808396835,0.0
-55.210295646259425,20.534464889337258,0.0
-55.06005444469472,21.221995418502825,0.0
-54.905244940277925,21.903178081839158,0.0
-54.745944688881686,22.577910516061316,0.0
-54.58223212507488,23.246099440996296,0.0
-54.41418643889104,23.9076604941725,0.0
-54.24188745612516,24.56251804525111,0.0
-54.06541552240914,25.210604992321024,0.0
-53.88485139128037,25.8518625420604,0.0
-53.700276116422586,26.48623997573308,0.0
-53.5117709482253,27.113694402940038,0.0
-53.31941723477538,27.734190504985413,0.0
-53.12329632736446,28.347700269645845,0.0
-52.92348949056689,28.954202719052383,0.0
-52.72007781691681,29.553683632307447,0.0
-52.51314214618755,30.146135264367626,0.0
-52.30276298925437,30.731556062626673,0.0
-52.08902045650096,31.30995038253449,0.0
-51.871994190710836,31.881328203487726,0.0
-51.651763304368814,32.44570484612705,0.0
-51.42840632128254,33.00310069207642,0.0
-51.2020011224212,33.55354090706146,0.0
-50.972624895857706,34.09705516824806,0.0
-50.74035409069064,34.63367739654951,0.0
-50.505264374815084,35.16344549456103,0.0
-50.267430596404694,35.686401090694986,0.0
-50.0269267489625,36.20258929000894,0.0
-49.7838259397944,36.712058432142136,0.0
-49.53820036175679,37.21485985670383,0.0
-49.29012126812832,37.71104767638987,0.0
-49.039658950455426,38.20067855804153,0.0
-48.78688271922185,38.68381151180318,0.0
-48.53186088719326,39.16050768848255,0.0
-48.27466075529053,39.63083018516926,0.0
-48.01534860084728,40.09484385912374,0.0
-47.753989668110634,40.55261514990951,0.0
-47.49064816084755,41.004211909706456,0.0
-47.22538723692288,41.44970324171199,0.0
-46.958269004737986,41.88915934650923,0.0
-46.68935452129505,42.32265137625787,0.0
-46.4187037920386,42.75025129654237,0.0
-46.14637577199793,43.172031755694995,0.0
-45.87242836838798,43.588065961396396,0.0
-45.596918444455504,43.998427564344226,0.0
-45.31990182448728,44.40319054877082,0.0
-45.041433299883515,44.80242912958328,0.0
-44.76156663620527,45.196217655893925,0.0
-44.48035458110885,45.58463052070518,0.0
-44.19784887308498,45.96774207651105,0.0
-43.914100250925564,46.34562655657631,0.0
-43.62915846384449,46.71835800165545,0.0
-43.34307228218407,47.086010191914866,0.0
-56.648984576078036,15.018360631150665,0.0
-56.53625910130944,15.760656579538745,0.0
-56.41832569650458,16.497563923071397,0.0
-56.29525248681727,17.228900043702055,0.0
-56.167109583677814,17.95449233199386,0.0
-56.03396893906978,18.6741782448756,0.0
-55.8959042002206,19.387805326222978,0.0
-55.75299056527612,20.095231191904816,0.0
-55.605304640493955,20.79632348109763,0.0
-55.45292429945254,21.490959775807543,0.0
-55.295928544734174,22.17902749064763,0.0
-55.13439737249932,22.86042373500087,0.0
-54.968411640328995,23.53505514975597,0.0
-54.798052938670935,24.202837720836154,0.0
-54.623403466184214,24.863696571751866,0.0
-54.44454590923715,25.51756573739775,0.0
-54.261563325774226,26.164387921285833,0.0
-54.07453903372969,26.80411423836088,0.0
-53.88355650412986,27.43670394548332,0.0
-53.68869925899089,28.062124161592095,0.0
-53.490050774087216,28.680349579475376,0.0
-53.28769438663471,29.291362170984254,0.0
-53.08171320790486,29.895150887424304,0.0
-52.87219004075987,30.491711356754642,0.0
-52.65920730207517,31.08104557911488,0.0
-52.44284694999409,31.66316162208905,0.0
-52.22319041594027,32.238073317003305,0.0
-52.0003185412961,32.80579995744247,0.0
-51.774311518640836,33.36636600105956,0.0
-51.54524883742851,33.91980077564492,0.0
-51.31320923397535,34.46613819031551,0.0
-51.07827064561658,35.005416452584626,0.0
-50.840510168885345,35.53767779197438,0.0
-50.60000402156052,36.06296819074165,0.0
-50.35682750842559,36.58133712220035,0.0
-50.11105499057788,37.09283729704155,0.0
-49.86275985812529,37.59752441797568,0.0
-49.612014506107535,38.095456942950726,0.0
-49.35889031347835,38.5866958571339,0.0
-49.10345762498707,39.07130445378485,0.0
-48.84578573579952,39.54934812409293,0.0
-48.58594287870088,40.020894156001695,0.0
-48.32399621372665,40.48601154199874,0.0
-48.060011820071296,40.944770795809234,0.0
-47.79405469012854,41.39724377789561,0.0
-47.5261887255219,41.84350352963508,0.0
-47.25647673498855,42.28362411601897,0.0
-46.984980434003376,42.71768047669488,0.0
-46.71176044590743,43.145748285152216,0.0
-46.43687630469071,43.56790381583536,0.0
-46.160386458954676,43.984223818954746,0.0
-45.882348277211314,44.39478540275519,0.0
-45.602818054307626,44.799665922992155,0.0
-45.321851018893454,45.19894287936062,0.0
-45.03950134183816,45.5926938186167,0.0
-44.75582214550689,45.98099624412988,0.0
-44.470865513812505,46.36392753160292,0.0
-44.184682502963426,46.741564850697166,0.0
-43.897323152833366,47.11398509230265,0.0
-43.60883649888264,47.48126480119582,0.0
-57.059584256748956,15.220850896430155,0.0
-56.94514429051938,15.972132147005164,0.0
-56.8254287893975,16.717816609198277,0.0
-56.70050833498427,17.457716864823585,0.0
-56.57045553164847,18.191656104657167,0.0
-56.43534485263518,18.919468177966746,0.0
-56.29525248681727,19.640997602141972,0.0
-56.15025618669766,20.356099534295232,0.0
-56.000435118229966,21.064639706876083,0.0
-55.845869712983124,21.766494329483542,0.0
-55.68664152313205,22.461549959171915,0.0
-55.522833079711035,23.14970334162696,0.0
-55.35452775452217,23.830861225642582,0.0
-55.181809626044846,24.50494015335487,0.0
-55.00476334964893,25.171866228692217,0.0
-54.82347403236913,25.83157486647992,0.0
-54.63802711245653,26.484010524596513,0.0
-54.44850824388195,27.129126421520354,0.0
-54.255003185926846,27.76688424153011,0.0
-54.057597697960404,28.39725382973484,0.0
-53.85637743946707,29.020212879009865,0.0
-53.651427875356156,29.635746610806443,0.0
-53.442834186555366,30.243847451687703,0.0
-53.230681185863055,30.84451470732322,0.0
-53.01505323900866,31.437754235550674,0.0
-52.796034190848985,32.02357811998794,0.0
-52.5737072966078,32.60200434555321,0.0
-52.348155158048925,33.173056477126735,0.0
-52.11945966445767,33.73676334246508,0.0
-51.887701938292686,34.293158720360324,0.0
-51.652962285359386,34.84228103492123,0.0
-51.41532014934693,35.38417305674346,0.0
-51.17485407056408,35.91888161163054,0.0
-50.931641648703554,36.446457297428196,0.0
-50.68575950946064,36.96695420944064,0.0
-50.43728327482982,37.48042967481053,0.0
-50.18628753690142,37.98694399616259,0.0
-49.93284583498096,38.486560204736264,0.0
-49.67703063585444,38.97934382316358,0.0
-49.418913317025265,39.46536263798584,0.0
-49.15856415275075,39.94468648194581,0.0
-48.89605230271019,40.41738702604065,0.0
-48.631445803140146,40.88353758127533,0.0
-48.36481156027719,41.34321291001535,0.0
-48.096215345953574,41.79648904680219,0.0
-47.825721795196166,42.24344312846348,0.0
-47.55339440568504,42.68415323332339,0.0
-47.27929553893316,43.11869822929575,0.0
-47.00348642307355,43.54715763062341,0.0
-46.72602715701829,43.9696114630116,0.0
-46.4469767161394,44.38614013689067,0.0
-46.16639295899919,44.79682432853362,0.0
-45.884332635287926,45.20174486874688,0.0
-45.60085139476032,45.60098263884794,0.0
-45.31600379709101,45.994618473640585,0.0
-45.029843322557674,46.382733071097675,0.0
-44.74242238346571,46.76540690846208,0.0
-44.45379233623339,47.14272016447858,0.0
-44.16400349406212,47.51475264747283,0.0
-43.873105140120536,47.88158372899818,0.0
-57.47062565146695,15.428741745896264,0.0
-57.35442962293559,16.189206257026942,0.0
-57.23288934024727,16.94385527120904,0.0
-57.106077957303675,17.69249647926145,0.0
-56.974070686675056,18.434948822922014,0.0
-56.8369446370199,19.171042534479714,0.0
-56.69477865141062,19.90061913357861,0.0
-56.547653147212685,20.623531383325233,0.0
-56.39564995811949,21.33964320801323,0.0
-56.238852178898405,22.04882957492566,0.0
-56.07734401335421,22.750976342787638,0.0
-55.911210625966795,23.44598007952116,0.0
-55.74053799760977,24.133747852001765,0.0
-55.56541278570684,24.814196990535155,0.0
-55.385922189134085,25.487254830763202,0.0
-55.20215381812826,26.15285843567567,0.0
-55.01419556941493,26.81095430034869,0.0
-54.822135506726575,27.461498041956617,0.0
-54.62606174683803,28.104454077512578,0.0
-54.42606235120765,28.73979529168805,0.0
-54.22222522327525,29.367502696944776,0.0
-54.01463801143373,29.987565088086985,0.0
-53.80338801765977,30.599978693208946,0.0
-53.58856211176049,31.204746822876256,0.0
-53.37024665116666,31.80187951923886,0.0
-53.148527406180726,32.391393206633765,0.0
-52.92348949056689,32.97331034509466,0.0
-52.695217297353054,33.54765908804816,0.0
-52.463794439699264,34.11447294534126,0.0
-52.22930369667445,34.6737904526143,0.0
-51.99182696377232,35.225654847907784,0.0
-51.75144520798946,35.77011375627229,0.0
-51.508238427281455,36.30721888303649,0.0
-51.26228561420864,36.83702571628199,0.0
-51.01366472357965,37.359593238973254,0.0
-50.76245264389945,37.874983651098205,0.0
-50.50872517242846,38.38326210208917,0.0
-50.25255699365982,38.884496433714595,0.0
-49.994021661024384,39.37875693356053,0.0
-49.73319158163541,39.86611609915521,0.0
-49.47013800388916,40.34664841273162,0.0
-49.204931007741344,40.820430126570194,0.0
-48.93763949748492,41.28753905881757,0.0
-48.66833119685976,41.748054399636125,0.0
-48.39707264633058,42.202056527503586,0.0
-48.1239292023758,42.64962683545129,0.0
-47.84896503863605,43.09084756700363,0.0
-47.572243148777595,43.52580166155921,0.0
-47.293825350932636,43.9545726089367,0.0
-47.01377229360292,44.377244312793685,0.0
-46.732143462793296,44.79390096261587,0.0
-46.44899719052603,45.20462691396586,0.0
-46.16439066426705,45.6095065766752,0.0
-45.8783799374241,46.00862431066024,0.0
-45.59101994071153,46.4020643290414,0.0
-45.302364494305834,46.789910608246075,0.0
-45.01246632070355,47.172246804778005,0.0
-44.721377058200126,47.54915617833983,0.0
-44.42914727491213,47.92072152100039,0.0
-44.13582648327181,48.287025092104685,0.0
-57.8820821805921,15.642246457208724,0.0
-57.764087013205305,16.412097726378402,0.0
-57.64067774563396,17.175903615746744,0.0
-57.51193022653686,17.93346684104045,0.0
-57.37792239833366,18.684602055646927,0.0
-57.23873412538024,19.429135878428806,0.0
-57.09444702335133,20.16690687556377,0.0
-56.94514429051937,20.897765498838858,0.0
-56.790910541569005,21.62157398301922,0.0
-56.631831644532795,22.33820620506218,0.0
-56.467994561379854,23.047547508059587,0.0
-56.299487192733714,23.74949449286676,0.0
-56.12639822714046,24.443954780416536,0.0
-55.948816995253665,25.130846747724863,0.0
-55.766833329248485,25.81009924057278,0.0
-55.5805374277259,26.48165126580091,0.0
-55.39001972631728,27.145451666080763,0.0
-55.19537077415196,27.80145877993413,0.0
-54.996681116305425,28.44964008966158,0.0
-54.794041182302934,29.08997185971651,0.0
-54.58754118071467,29.722438767924253,0.0
-54.37727099984149,30.34703353180082,0.0
-54.16332011445779,30.96375653207352,0.0
-53.945777498547955,31.57261543535038,0.0
-53.72473154394578,32.17362481772722,0.0
-53.50026998476288,32.76680579096368,0.0
-53.272479827471095,33.35218563270336,0.0
-53.04144728648631,33.92979742206064,0.0
-52.807257725085485,34.49967968174802,0.0
-52.569995601476755,35.06187602777512,0.0
-52.32974441983193,35.616434827613425,0.0
-52.086586686082526,36.16340886759156,0.0
-51.84060386827557,36.70285503016313,0.0
-51.591876361280455,37.23483398157466,0.0
-51.34048345563652,37.75940987035499,0.0
-51.08650331033015,38.276650036948084,0.0
-50.83001292929092,38.78662473472162,0.0
-50.571088141398334,39.28940686250036,0.0
-50.309803583793446,39.785071708698716,0.0
-50.04623268829399,40.273696707059564,0.0
-49.780447670715816,40.7553612039458,0.0
-49.51251952290937,41.230146237078124,0.0
-49.24251800732538,41.69813432556499,0.0
-48.970511653930636,42.15940927103067,0.0
-48.69656775930115,42.61405596961119,0.0
-48.42075238772724,43.06216023455887,0.0
-48.14313037417191,43.50380862917077,0.0
-47.863765328931365,43.93908830973577,0.0
-47.582719643853714,44.36808687817903,0.0
-47.30005449997908,44.79089224406939,0.0
-47.01582987648993,45.20759249564632,0.0
-46.730104560740756,45.6182757795167,0.0
-46.442936159520976,46.02303018866783,0.0
-46.15438111108601,46.42194365844241,0.0
-45.86449469812011,46.81510387012165,0.0
-45.57333106142993,47.202598161765806,0.0
-45.28094321429697,47.58451344596558,0.0
-44.98738305740566,47.96093613416375,0.0
-44.69270139426933,48.33195206721315,0.0
-44.396947947082,48.69764645184518,0.0
-58.408203709466335,15.076069974918786,47.0
-58.29392619673696,15.861589359745187,0.0
-58.174087237304846,16.641036553869966,0.0
-58.0487631938487,17.41419661530868,0.0
-57.91803273926687,18.180867209030772,0.0
-57.78197667425285,18.940858672626156,0.0
-57.64067774563396,19.69399403009728,0.0
-57.4942204662607,20.440108956298904,0.0
-57.34269093718178,21.179051694792708,0.0
-57.18617667278073,21.910682932082846,0.0
-57.024766429492566,22.634875631352507,0.0
-56.858550038656986,23.351514828932032,0.0
-56.687618244004355,24.06049739679792,0.0
-56.51206254420865,24.761731774432885,0.0
-56.33197504088238,25.45513767337123,0.0
-56.14744829232901,26.140645757716513,0.0
-55.95857517331192,26.818197303851363,0.0
-55.76544874104463,27.487743842467207,0.0
-55.568162107555075,28.14924678592772,0.0
-55.36680831852884,28.802677043847147,0.0
-55.161480238690174,29.448014629617532,0.0
-54.95227044373842,30.085248260459675,0.0
-54.739271118818905,30.71437495340517,0.0
-54.52257396347278,31.3353996194431,0.0
-54.302270102978866,31.948334657888722,0.0
-54.078450005973075,32.5531995528535,0.0
-53.85120340820662,33.15002047351978,0.0
-53.62061924228326,33.73882987974982,0.0
-53.386785573197805,34.319666134390054,0.0
-53.14978953948337,34.89257312346839,0.0
-52.90971729976265,35.45759988532612,0.0
-52.666653984488825,36.0148002495773,0.0
-52.42068365265491,36.564232486648514,0.0
-52.171889253244835,37.10595896852016,0.0
-51.920352591197144,37.64004584116802,0.0
-51.666154297650664,38.16656270909075,0.0
-51.40937380424198,38.6855823322045,0.0
-51.15008932122651,39.19718033529114,0.0
-50.88837781919768,39.70143493010006,0.0
-50.62431501418364,40.198426650126244,0.0
-50.35797535590483,40.688238098017585,0.0
-50.0894320189827,41.170953705503464,0.0
-49.81875689689569,41.64665950568209,0.0
-49.54602059848567,42.11544291745745,0.0
-49.27129244682548,42.57739254187623,0.0
-48.994640480265964,43.032597970080694,0.0
-48.71613145548871,43.48114960256479,0.0
-48.43583085239847,43.92313847939739,0.0
-48.1538028806979,44.358656121057464,0.0
-47.87011048799475,44.78779437951188,0.0
-47.58481536929976,45.21064529915538,0.0
-47.29797797778181,45.62730098722558,0.0
-47.00965753667218,46.03785349330136,0.0
-46.719912052091075,46.44239469749188,0.0
-46.42879832695481,46.84101620692449,0.0
-46.136371975502676,47.23380926014293,0.0
-45.842687438612295,47.62086463903207,0.0
-45.54779799970715,48.00227258789231,0.0
-45.25175580118969,48.37812273929421,0.0
-44.95461186132182,48.74850404635325,0.0
-44.65641609148027,49.113504721074115,0.0
-58.82222148326481,15.291427810689731,52.0
-58.706128922714036,16.08700653573769,36.0
-58.58439986659801,16.87626461671119,31.0
-58.4571135952963,17.658981196133045,23.0
-58.32435174290685,18.43494882292201,0.0
-58.186198104013705,19.203973505500052,21.0
-58.042738441556665,19.965874709032136,0.0
-57.89406029664455,20.720485299691124,0.0
-57.74025280109318,21.467651439098987,0.0
-57.58140649340491,22.20723243230185,0.0
-57.41761313883977,22.939100532791738,0.0
-57.24896555416083,23.663140708194348,0.0
-57.075557437568854,24.379250370302387,0.0
-56.89748320427292,25.087339073151597,0.0
-56.71483782807868,25.78732818281437,0.0
-56.52771668931078,26.479150522528897,0.0
-56.336215429324625,27.162749996692813,0.0
-56.14042981180356,27.8380811971347,0.0
-55.94045559098187,28.505108994937757,0.0
-55.736388386882254,29.16380812093206,0.0
-55.52832356760777,29.81416273779868,0.0
-55.31635613868428,30.45616600654429,0.0
-55.10058063940873,31.08981964991218,0.0
-54.881091046122805,31.71513351509781,0.0
-54.65798068229847,32.332125137937375,0.0
-54.431342135294116,32.94081931053814,0.0
-54.20126717961469,33.5412476541228,0.0
-53.967846706488665,34.13344819866742,0.0
-53.73117065955647,34.71746497072657,0.0
-53.49132797645066,35.29334759066029,0.0
-53.248406536036896,35.86115088030732,0.0
-53.002493111075374,36.420934481987864,0.0
-52.75367332605691,36.97276248956805,0.0
-52.50203161996338,37.51670309217745,0.0
-52.24765121370053,38.052828231040294,0.0
-51.99061408195148,38.58121326976122,0.0
-51.73100092920054,39.101936678296816,0.0
-51.468891169680305,39.615079730744824,0.0
-51.20436291099911,40.120726216993276,0.0
-50.93749294121184,40.618962168191985,0.0
-50.66835671910297,41.10987559593818,0.0
-50.39702836745768,41.59355624500528,0.0
-50.123580669105245,42.070095359390294,0.0
-49.84808506552633,42.5395854614083,0.0
-49.57061165782451,43.00212014352333,0.0
-49.291229209871425,43.45779387257153,0.0
-49.01000515344333,43.90670180600601,0.0
-48.727005595176074,44.34893961977052,0.0
-48.44229532517453,44.784603347392924,0.0
-48.15593782712115,45.213789229877115,0.0
-47.86799528973722,45.636593575963495,0.0
-47.5785286194592,46.05311263232382,0.0
-47.28759745420022,46.46344246325461,0.0
-46.99526017809434,46.86767883943417,0.0
-46.7015739370008,47.265917135312385,0.0
-46.406594654932746,47.658252234707795,0.0
-46.110377050954604,48.04477844419399,0.0
-45.812974656722524,48.4255894138663,0.0
-45.51443983447758,48.800778065089965,0.0
-45.21482379543069,49.17043652484211,0.0
-44.914176618466946,49.53465606627181,0.0
-59.23661472706967,15.51287432705853,63.0
-59.11866038457558,16.318746573298544,51.0
-58.994993196761726,17.11803641712875,54.000004
-58.86569550757121,17.91051697439426,51.0
-58.73085205722029,18.69597562528748,44.0
-58.59054977743307,19.474214052306234,36.0
-58.4448775881682,20.245048218039763,0.0
-58.29392619673696,21.008308286098835,0.0
-58.13778790014313,21.763838488777488,0.0
-57.97655639140232,22.511496945246584,0.0
-57.8103265705247,23.25115543423368,0.0
-57.63919436076894,23.982699125243727,0.0
-57.46325653070019,24.70602627242316,0.0
-57.28261052251056,25.421047875170892,0.0
-57.097354286987894,26.127687309557256,0.0
-56.90758612544799,26.82587993453092,0.0
-56.713404538878805,27.5155726767793,0.0
-56.51490808448077,28.196723597964255,0.0
-56.312195239728204,28.86930144788713,0.0
-56.10536427402013,29.533285206949706,0.0
-55.89451312793862,30.188663621075264,0.0
-55.6797393000849,30.835434732040085,0.0
-55.461139741421626,31.473605405944976,0.0
-55.23881075701215,32.103190862331324,0.0
-55.012847915013324,32.72421420622108,0.0
-54.78334596275019,33.33670596513613,0.0
-54.55039874967556,33.9407036329336,0.0
-54.31409915699608,34.53625122208044,0.0
-54.074539033729685,35.12339882578616,0.0
-53.83180913894499,35.7022021912167,0.0
-53.58599908992242,36.27272230482723,0.0
-53.33719731596963,36.83502499067781,0.0
-53.08549101761808,37.389180522433186,0.0
-52.830966130925454,37.93526324959739,0.0
-52.5737072966078,38.47335123839556,0.0
-52.31379783372701,39.00352592758846,0.0
-52.05131971766209,39.52587179939079,0.0
-51.786353562097375,40.04047606556049,0.0
-51.51897860476672,40.5474283686343,0.0
-51.2492726966994,41.046820498202756,0.0
-50.97731229472132,41.53874612204584,0.0
-50.70317245697356,42.02330053188826,0.0
-50.42692684121916,42.50058040347928,0.0
-50.14864770571856,42.97068357065681,0.0
-49.86840591246379,43.43370881301695,0.0
-49.5862709325713,43.88975565677948,0.0
-49.30231085364328,44.33892418841457,0.0
-49.01659238891749,44.78131488057702,0.0
-48.729180888035074,45.21702842988006,0.0
-48.44014034926601,45.64616560603157,0.0
-48.14953343304121,46.06882711185,0.0
-47.857421476649556,46.48511345367545,0.0
-47.56386450996733,46.89512482169308,0.0
-47.26892127209631,47.29896097968959,0.0
-46.97264922881332,47.69672116377064,0.0
-46.67510459061494,48.08850398957496,0.0
-46.37634233152877,48.47440736753166,0.0
-46.07641620824046,48.854528425718236,0.0
-45.775378779718686,49.22896343989,0.0
-45.47328142715334,49.59780777026509,0.0
-45.17017437415274,49.96115580466345,0.0
-59.651353997110824,15.740664533065909,78.0
-59.53148933929696,16.55707137563665,67.0
-59.4058341711195,17.366619883258497,68.0
-59.27447405473995,18.169077044418408,74.0
-59.137496989883,18.964225033123356,58.999996
-58.994993196761726,19.751861228715274,45.0
-58.847054900943455,20.531798170877284,25.0
-58.69377612111689,21.303863453631187,19.0
-58.53525246064233,22.06789956241022,0.0
-58.371580903685526,22.823763658507225,0.0
-58.2028596166525,23.57132731534974,0.0
-58.02918775555834,24.31047621114296,0.0
-57.8506652798796,25.04110978245394,0.0
-57.667392773358074,25.76314084329019,0.0
-57.479471272143506,26.476495174158046,0.0
-57.287002100586506,27.181111085477223,0.0
-57.09008671491932,27.876938959582105,0.0
-56.888826554994,28.56394077536435,0.0
-56.683322904182205,29.24208961941011,0.0
-56.473676757482366,29.911369187263755,0.0
-56.25998869782446,30.571773278214284,0.0
-56.042358780514185,31.2233052867536,0.0
-55.82088642571316,31.86597769360368,0.0
-55.595670318813326,32.49981155895437,0.0
-55.36680831852884,33.124836020299895,0.0
-55.13439737249932,33.74108779701188,0.0
-54.89853344017342,34.34861070354339,0.0
-54.65931142272087,34.94745517292312,0.0
-54.41682509970397,35.53767779197438,0.0
-54.17116707222733,36.119340849479755,0.0
-53.922428712274005,36.69251189831176,0.0
-53.670700117930714,37.25726333236202,0.0
-53.41607007420012,37.81367197892764,0.0
-53.158626019097994,38.36181870705259,0.0
-52.89845401473335,38.901788052176514,0.0
-52.6356387230733,39.433667857309025,0.0
-52.37026338609868,39.95754893082909,0.0
-52.102409810063,40.47352472090122,0.0
-51.83215835357472,40.98169100640591,0.0
-51.55958791923092,41.48214560419822,0.0
-51.284775948540435,41.97498809243631,0.0
-51.00779841988354,42.4603195496593,0.0
-50.72872984926667,42.93824230924146,0.0
-50.44764329364049,43.40885972880541,0.0
-50.164610356561354,43.87227597414131,0.0
-49.87970119598679,44.328595817150024,0.0
-49.59298453400695,44.77792444730654,0.0
-49.304527668324965,45.220367296123165,0.0
-49.01439648530991,45.65602987408173,0.0
-48.72265547445683,46.085017619497414,0.0
-48.42936774409869,46.507435758774974,0.0
-48.134595038224944,46.92338917751965,0.0
-47.83839775427164,47.33298230196986,0.0
-47.54083496175683,47.73631899022598,0.0
-47.24196442164451,48.133502432759585,0.0
-46.94184260634708,48.52463506169868,0.0
-46.640524720156414,48.90981846839821,0.0
-46.3380647202835,49.28915332881902,0.0
-46.03451533806145,49.662739336254646,0.0
-45.72992810050217,50.030675140960795,0.0
-45.42435335202865,50.39305829626004,0.0
-60.18227824868974,15.140983835076906,77.0
-60.06640859209359,15.975067456796037,81.0
-59.944583196609564,16.80225703114765,75.0
-59.8168882978774,17.622297228668277,75.0
-59.683412840318354,18.434948822922014,80.0
-59.54424824557278,19.239988762491876,71.0
-59.39948818228464,20.03721016919299,63.0
-59.24922833834262,20.826422266487356,50.0
-59.09356619660201,21.607450242453606,36.0
-58.932600815023804,22.380135051959574,27.000002
-58.766432612074745,23.144333162903497,0.0
-58.59516315813968,23.899916251533565,0.0
-58.41889497360319,24.64677085193117,0.0
-58.237731334165815,25.38479796475421,0.0
-58.05177608386834,26.11391263029071,0.0
-57.86113345621175,26.83404347077447,0.0
-57.66590790367545,27.545132206771413,0.0
-57.46620393585755,28.24713315226303,0.0
-57.26212596638668,28.940012692839357,0.0
-57.05377816868572,29.623748751173814,0.0
-56.84126434060447,30.29833024369212,0.0
-56.62468777788024,30.96375653207352,0.0
-56.40415115633426,31.62003687293869,0.0
-56.179756422664596,32.26718986879082,0.0
-55.9516046936567,32.9052429229879,0.0
-55.719796163597074,33.53423170123886,0.0
-55.484430019646034,34.15419960183733,0.0
-55.24560436490044,34.76519723657679,0.0
-55.00341614885729,35.36728192403195,0.0
-54.75796110497312,35.960517196644886,0.0
-54.50933369500207,36.544972322822545,0.0
-54.25762705978753,37.12072184503497,0.0
-54.002932976177085,37.687845134701774,0.0
-53.745341819728566,38.24642596446901,0.0
-53.484942532875685,38.79655209830817,0.0
-53.22182259822434,39.33831489971505,0.0
-52.95606801665614,39.87180895814717,0.0
-52.68776328992165,40.39713173371406,0.0
-52.416991407414535,40.91438322002513,0.0
-52.143833836826516,41.423665625002656,0.0
-51.86837051839366,41.92508306938408,0.0
-51.59067986245526,42.41874130256536,0.0
-51.31083875005828,42.90474743537616,0.0
-51.028922536352106,43.38320968932677,0.0
-50.74500505653095,43.8542371618249,0.0
-50.45915863409305,44.31793960682735,0.0
-50.171454091198676,44.774427230365944,0.0
-49.88196076092102,45.223810500368536,0.0
-49.5907465011962,45.66619997018314,0.0
-49.297877710290436,46.10170611520638,0.0
-49.00341934361419,46.53043918201479,0.0
-48.70743493172412,46.952509049399616,0.0
-48.40998659936477,47.368025100710916,0.0
-48.11113508541216,47.77709610692552,0.0
-47.81093976359158,48.179830119864235,0.0
-47.509458663851596,48.57633437499735,0.0
-47.20674849428498,48.96671520329229,0.0
-46.902864663514876,49.35107795157389,0.0
-46.59786130334383,49.729526910885596,0.0
-46.291791291854615,50.1021652523582,0.0
-45.98470627652393,50.46909497011193,0.0
-45.67665669754802,50.83041683073751,0.0
-60.59954543906214,15.370945592807173,81.0
-60.48174647383218,16.21636708908252,82.0
-60.35790793443852,17.05459474947756,77.0
-60.22811956070707,17.885365875233063,83.0
-60.092473853382515,18.70843495358887,86.0
-59.951065828024994,19.523573710156338,83.0
-59.80399277076583,20.330571081536764,80.0
-59.651353997110824,21.129233112778113,70.0
-59.49325061488355,21.919382784656207,49.0
-59.3297852923008,22.70085977606926,21.0
-59.161062032068905,23.47352016705057,0.0
-58.987185952285,24.237236088036834,0.0
-58.80826307482381,24.991895321085398,0.0
-58.62440012178706,25.737400858718004,0.0
-58.43570432049382,26.473670425989994,0.0
-58.24228321739344,27.200635971248296,0.0
-58.044244501192125,27.918243130857682,0.0
-57.84169583539764,28.626450672949705,0.0
-57.634744700407055,29.325229924990435,0.0
-57.42349824518839,30.01456418967819,0.0
-57.2080631485395,30.69444815337805,0.0
-56.98854548984667,31.36488729098269,0.0
-56.76505062921141,32.02589727076334,0.0
-56.53768309676565,32.67750336244744,0.0
-56.30654649095404,33.31973985143368,0.0
-56.07174338552701,33.95264946173557,0.0
-55.83337524495762,34.57628278993401,0.0
-55.591542347971775,35.190697752121,0.0
-55.34634371886123,35.79595904553168,0.0
-55.09787706623475,36.39213762629389,0.0
-54.84623872885203,36.97931020447161,0.0
-54.59152362817849,37.55755875734572,0.0
-54.33382522729586,38.12697006165853,0.0
-54.07323549580377,38.68763524535194,0.0
-53.80984488034975,39.23964935914872,0.0
-53.54374228043033,39.78311096816552,0.0
-53.27501502911305,40.31812176360104,0.0
-53.00374887833743,40.84478619441528,0.0
-52.730027988463796,41.36321111880309,0.0
-52.45393492174924,41.873505475167995,0.0
-52.175550639443095,42.37577997221794,0.0
-51.89495450220627,42.87014679773455,0.0
-51.61222427357278,43.35671934550723,0.0
-51.327436126184985,43.835611959876125,0.0
-51.040664650548244,44.306939697288755,0.0
-50.75198286606412,44.770818104245905,0.0
-50.46146223411529,45.227363010990565,0.0
-50.16917267298886,45.67669034027933,0.0
-49.875182574437744,46.11891593056719,0.0
-49.57955882169331,46.55415537293419,0.0
-49.28236680875433,46.98252386108438,0.0
-48.98367046079006,47.404136053753696,0.0
-48.68353225550648,47.81910594887329,0.0
-48.38201324533614,48.22754676884757,0.0
-48.07917308032262,48.62957085632123,0.0
-47.77507003158068,49.02528957982739,0.0
-47.46976101522304,49.414813248727214,0.0
-47.163301616671305,49.79825103687207,0.0
-46.855746115153465,50.17571091444021,0.0
-46.54714750856776,50.54729958742176,0.0
-46.23755753828865,50.91312244424808,0.0
-45.927026714105274,51.27328350908395,0.0
-61.01711541334514,15.607824244760735,93.0
-60.89733418120269,16.464863401307728,82.0
-60.77142800734455,17.314391869112516,79.0
-60.639490322064916,18.156139444477276,86.0
-60.501617367197035,18.989854276632155,88.0
-60.35790793443852,19.815302896366465,91.0
-60.2084631061286,20.632270158444392,84.0
-60.05338599975012,21.440559103102668,76.0
-59.89278151732038,22.23999074233953,48.0
-59.72675610072019,23.030403777012623,0.0
-59.55541749389515,23.811654250972754,0.0
-59.37887451274592,24.583615148576047,0.0
-59.19723682340825,25.346175941946694,0.0
-59.01061472951031,26.099242094312995,0.0
-58.819118968884716,26.842734525620685,0.0
-58.62286052010815,27.576589046446905,0.0
-58.42195041914154,28.30075576600638,0.0
-58.216499586251544,29.01519847976543,0.0
-58.00661866330701,29.719894041869964,0.0
-57.792417861466376,30.414831727257017,0.0
-57.574006819199354,31.100012587964375,0.0
-57.35149447052332,31.775448807786475,0.0
-57.12498892327708,32.44116305905243,0.0
-56.894597347206556,33.09718786493043,0.0
-56.660425871593496,33.743564970296106,0.0
-56.42257949212329,34.38034472384487,0.0
-56.1811619866583,35.007585473783756,0.0
-55.93627583955958,35.625352979108705,0.0
-55.68802217418186,36.233719838161626,0.0
-55.436500693153555,36.832764935869086,0.0
-55.181809626044846,37.42257291079218,0.0
-54.924045684022644,38.003233642865666,0.0
-54.66330402109001,38.57484176247437,0.0
-54.39967820151014,39.13749618130552,0.0
-54.133260173019934,39.69129964522708,0.0
-53.86414024544545,40.23635830927382,0.0
-53.592407074341466,40.772781334673255,0.0
-53.318147649287546,41.30068050771282,0.0
-53.04144728648632,41.820169880135765,0.0
-52.76238962532252,42.33136543065573,0.0
-52.48105662855612,42.83438474709715,0.0
-52.19752858583712,43.329346728600036,0.0
-51.91188412024555,43.81637130727128,0.0
-51.62420019757503,44.29557918861992,0.0
-51.33455213809404,44.767091610079476,0.0
-51.04301363053446,45.23103011689548,0.0
-50.74965674807188,45.6875163546391,0.0
-50.45455196607728,46.136671877598786,0.0
-50.15776818143406,46.57861797229812,0.0
-49.859372733228525,47.013475495391,0.0
-49.559431424635484,47.44136472519207,0.0
-49.25800854583343,47.862405226111754,0.0
-48.95516689779664,48.27671572528003,0.0
-48.650967816823105,48.6844140006603,0.0
-48.345471199668545,49.08561677997488,0.0
-48.038735529167575,49.48043964978517,0.0
-47.73081790023301,49.86899697409257,0.0
-47.42177404613413,50.251401821850614,0.0
-47.11165836498117,50.62776590280333,0.0
-46.80052394622736,50.99819951109059,0.0
-46.48842259737928,51.362811476086144,0.0
-46.175404870497815,51.721709119960224,0.0
-61.434955368003735,15.851928154286952,94.0
-61.31313673676825,16.7208734438054,85.0
-61.185106247306294,17.581972942539572,80.0
-61.05096121857381,18.43494882292201,84.0
-60.91080182968496,19.279542868341576,89.0
-60.76473084155936,20.115516473235715,87.0
-60.612853321707185,20.94265054998827,78.0
-60.45527637351381,21.76074534874146,70.0
-60.29210887126281,22.569620196658434,50.0
-60.1234612020062,23.369113163482076,31.0
-59.94944501526025,24.159080660432693,0.0
-59.770172981375275,24.93939697957889,0.0
-59.58575855929731,25.70995378081127,0.0
-59.39631577431587,26.470659533456804,0.0
-59.20195900626968,27.22143891940399,0.0
-59.00280278856834,27.962232204374367,0.0
-58.798961618279854,28.692994583686907,0.0
-58.59054977743307,29.413695508526843,0.0
-58.37768116559236,30.124317998361203,0.0
-58.16046914367755,30.82485794474752,0.0
-57.939026388926536,31.515323411369735,0.0
-57.713464760831215,32.19573393471325,0.0
-57.483895177818724,32.86611982936665,0.0
-57.25042750439898,33.52652150151689,0.0
-57.01317044845728,34.1769887737929,0.0
-56.772231468334724,34.817580224214076,0.0
-56.52771668931078,35.448362541618145,0.0
-56.2797308290802,36.069409899581004,0.0
-56.02837713179981,36.68080335050026,0.0
-55.7737573102698,37.2826302411972,0.0
-55.515971495807754,37.8749836510982,0.0
-55.25511819537184,38.45796185378812,0.0
-54.991294255490736,39.03166780248307,0.0
-54.72459483256347,39.59620863975029,0.0
-54.45511336909974,40.151695231605125,0.0
-54.18294157548141,40.69824172594092,0.0
-53.90816941683799,41.23596513509429,0.0
-53.63088510464283,41.76498494221543,0.0
-53.35117509265128,42.28542273099894,0.0
-53.06912407681831,42.797401838234194,0.0
-52.78481499884961,43.30104702855406,0.0
-52.49832905305707,43.796484190694976,0.0
-52.2097456962071,44.28384005452959,0.0
-51.919142660067486,44.76324192809289,0.0
-51.62659596637555,45.23481745379364,0.0
-51.33217994396781,45.698694382983476,0.0
-51.03596724782769,46.15500036804478,0.0
-50.7380288798242,46.60386277115494,0.0
-50.43843421093034,47.04540848888723,0.0
-50.13725100472483,47.4797637918171,0.0
-49.83454544199613,47.9070541783153,0.0
-49.53038214628043,48.327404241726576,0.0
-49.22482421017995,48.74093755015263,0.0
-48.91793322231921,49.14777653808087,0.0
-48.60976929480983,49.548042409125415,0.0
-48.30039109110525,49.94185504917335,0.0
-47.98985585413702,50.32933294925677,0.0
-47.67821943463518,50.71059313749964,0.0
-47.36553631954345,51.08575111951758,0.0
-47.05185966046752,51.45492082667727,0.0
-46.73724130197645,51.81821457165187,0.0
-46.42173180996034,52.17574301073699,0.0
-61.97054589692626,15.21454096231144,85.0
-61.853030996898546,16.103583736187403,92.0
-61.72911754535897,16.984732531988584,87.0
-61.598903756110595,17.857680905557583,76.0
-61.46249104772683,18.72214330742918,75.0
-61.31998374499626,19.57785515598865,81.0
-61.17148878270447,20.424572803445294,76.0
-61.01711541334514,21.262073401083285,71.0
-60.85697492021732,22.090154670831893,72.0
-60.69118033722398,22.908634590637067,64.0
-60.51984617654196,23.717351001420962,54.000004
-60.34308816518516,24.516161143593173,50.0
-60.1610229913381,25.30494113113627,47.0
-59.97376806119228,26.08358537123964,25.0
-59.78144126687978,26.852005937311343,0.0
-59.584160765965855,27.61013190297003,0.0
-59.38204477283648,28.357908644320233,0.0
-59.17521136220029,29.095297117457346,0.0
-58.96377828481549,29.82227311774495,0.0
-58.74786279545435,30.538826526968354,0.0
-58.52758149302767,31.244960554005093,0.0
-58.30305017271342,31.94069097417468,0.0
-58.0743836898629,32.62604537194599,0.0
-57.84169583539764,33.30106239119734,0.0
-57.60509922235918,33.96579099674975,0.0
-57.36470518323038,34.62028975043225,0.0
-57.1206236776124,35.26462610449506,0.0
-56.87296320981421,35.898875714764856,0.0
-56.62183075589068,36.523121775538975,0.0
-56.36733169965144,37.13745437784499,0.0
-56.109569777154015,37.74196989234877,0.0
-55.8486470291909,38.33677037787937,0.0
-55.58466376128171,38.92196301625272,0.0
-55.31771851068572,39.49765957381751,0.0
-55.04790801995853,40.06397588991602,0.0
-54.775327216587186,40.62103139224761,0.0
-54.50006919825169,41.16894863894331,0.0
-54.22222522327525,41.707852887003995,0.0
-53.94188470584302,42.23787168662119,0.0
-53.65913521558616,42.759134500786466,0.0
-53.37406248114699,43.27177234950145,0.0
-53.08675039735998,43.77591747782378,0.0
-52.79728103570278,44.27170304692358,0.0
-52.505734657690894,44.7592628472782,0.0
-52.21218973090933,45.238731033098915,0.0
-51.91672294739304,45.71024187706063,0.0
-51.61940924408765,46.17392954439263,0.0
-51.32032182513927,46.62992788538417,0.0
-51.01953218578061,47.07837024536197,0.0
-50.71711013759734,47.519389291206274,0.0
-50.41312383497491,47.95311685348721,0.0
-50.107639802541975,48.37968378332268,0.0
-49.80072296344095,48.79921982308236,0.0
-49.492436668270884,49.2118534900886,0.0
-49.182842724560636,49.617711972493936,0.0
-48.87200142664311,50.016921036544794,0.0
-48.5599715858131,50.40960494447339,0.0
-48.24681056066245,50.79588638229191,0.0
-47.93257428749595,51.175886396796294,0.0
-47.61731731074206,51.54972434112016,0.0
-47.30109281328028,51.917517828212524,0.0
-46.983952646634634,52.279382691645495,0.0
-46.6659473608625,52.63543295319055,0.0
-62.390881626096636,15.461217740441903,86.0
-62.27130638808836,16.36313675087477,89.0
-62.14523828381158,17.256795527993713,85.0
-62.01277978853971,18.141878337895683,74.0
-61.874036645094655,19.018091837019885,66.0
-61.72911754535897,19.885165113855443,68.0
-61.57813381491891,20.742849614310288,75.0
-61.42119910254949,21.590918958249446,82.0
-61.25842907609798,22.429168655318982,84.0
-61.08994112616104,23.257415728618682,78.0
-60.91585407878567,24.075498255078834,69.0
-60.73628791825882,24.883274831544483,65.0
-60.55136352088755,25.680623975585558,57.0
-60.361202400511864,26.46744346994734,30.000002
-60.16592646633921,27.243649659345927,0.0
-59.96565779354444,28.009176708013836,20.0
-59.760518406942005,28.763975826025014,24.0
-59.55063007791052,29.508014471991967,28.0
-59.336114134633135,30.241275539243556,33.0
-59.1170912856128,30.96375653207352,33.0
-58.89368145632579,31.67546873810922,26.0
-58.66600363879479,32.37643640229738,0.0
-58.434175753790214,33.066695907449926,0.0
-58.1983145253061,33.74629496574434,0.0
-57.95853536690557,34.41529182503904,0.0
-57.71495227948848,35.073754493348304,0.0
-57.46767775999966,35.7217599843301,0.0
-57.21682272057129,36.35939358617605,0.0
-56.96249641757457,36.98674815585843,0.0
-56.70480639004437,37.603923440287346,0.0
-56.44385840693485,38.21102542556122,0.0
-56.1797564226646,38.80816571515795,0.0
-55.9126025404131,39.395460937609954,0.0
-55.64249698263933,39.973032183935,0.0
-55.36953806830483,40.54100447485428,0.0
-55.09382219629764,41.09950625761811,0.0
-54.815443834570566,41.64866893207624,0.0
-54.53449551452527,42.18862640547347,0.0
-54.251067830193854,42.71951467531813,0.0
-53.96524944179015,43.24147143956089,0.0
-53.677127083224526,43.75463573323166,0.0
-53.386785573197805,44.25914759061067,0.0
-53.09430782951186,44.75514773195566,0.0
-52.799774886256266,45.242777273766826,0.0
-52.50326591355195,45.72217746154481,0.0
-52.20485823955407,46.19348942398204,0.0
-51.90462737443653,46.6568539475225,0.0
-51.60264703610094,47.1124112702291,0.0
-51.29898917737157,47.56030089390866,0.0
-50.99372401445645,48.00066141346215,0.0
-50.68692005647218,48.43363036245053,0.0
-50.378644135846784,48.85934407389324,0.0
-50.0689614394304,49.277937555347116,0.0
-49.7579355401591,49.68954437734609,0.0
-49.44562842913029,50.09429657431756,0.0
-49.13210054796208,50.49232455712744,0.0
-48.81741082132084,50.88375703644346,0.0
-48.50161668951265,51.2687209561442,0.0
-48.18477414104519,51.64734143603922,0.0
-47.86693774507644,52.01974172320358,0.0
-47.54816068367573,52.38604315126727,0.0
-47.22849478383104,52.74636510703677,0.0
-46.90799054916301,53.100825003861495,0.0
-62.81144003808839,15.715820451456882,68.0
-62.689743911360914,16.630953706721417,75.0
-62.56145878098625,17.537438226362895,79.0
-62.42669162545952,18.434948822922006,76.0
-62.28555275113605,19.323184318161783,66.0
-62.13815545231565,20.20186754656228,70.0
-61.98461567538238,21.07074523254901,80.0
-61.825051688838116,21.92958775017535,82.0
-61.65958376088977,22.778188774611397,85.0
-61.48833384606758,23.616364835238258,76.0
-61.311425282164514,24.443954780416536,67.0
-61.128982498601495,25.260819164105158,56.0
-60.94113073714069,26.06683956446435,43.0
-60.74799578569222,26.861917844402686,32.0
-60.549703725790614,27.64597536373868,32.0
-60.34638069415816,28.418952152260427,34.0
-60.13815265862295,29.180806052499854,31.0
-59.92514520852336,29.931511840507792,26.0
-59.70748335960491,30.671060332338346,33.0
-59.48529137330442,31.39945748334126,29.0
-59.25869259021657,32.11672348673144,0.0
-59.02780927745124,32.822891877269214,0.0
-58.792762489516114,33.51800864525191,0.0
-58.55367194229526,34.20213136539769,0.0
-58.31065589964398,34.87532834460218,0.0
-58.06383107207759,35.53767779197438,0.0
-57.8133125270012,36.189267014015094,0.0
-57.55921360990388,36.830191637291705,0.0
-57.301645875925615,37.46055486049069,0.0
-57.04071903119774,38.080466737294294,0.0
-56.776540883355615,38.69004349113213,0.0
-56.50921730062575,39.28940686250036,0.0
-56.238852178898405,39.87868348922139,0.0
-55.96554741620867,40.45800431973326,0.0
-55.689402894065026,41.02750405924934,0.0
-55.41051646508223,41.58732064841314,0.0
-55.1289839463966,42.13759477388825,0.0
-54.84489911836316,42.67846941016728,0.0
-54.55835372805809,43.21008939175393,0.0
-54.26943749713355,43.732601014766736,0.0
-53.97823813359706,44.24615166692923,0.0
-53.68484134711175,44.750889484847086,0.0
-53.38933086743917,45.246963037426255,0.0
-53.09178846567002,45.73452103425482,0.0
-52.79229397791243,46.2137120577538,0.0
-52.490925331130555,46.68468431789629,0.0
-52.187758570848324,47.147585428298505,0.0
-51.882867890455465,47.602562202499804,0.0
-51.576325661872794,48.049760469268435,0.0
-51.2682024673542,48.489324905796394,0.0
-50.95856713222073,48.921398887678095,0.0
-50.647486758340705,49.34612435460243,0.0
-50.335026758185485,49.76364169072618,0.0
-50.02125088930716,50.17408961873716,0.0
-49.706221289098295,50.57760510665754,0.0
-49.389998509708136,50.974323286480626,0.0
-49.07264155300201,51.36437738377821,0.0
-48.75420790546283,51.74789865745901,0.0
-48.43475357294463,52.1250163489018,0.0
-48.114333115197525,52.49585763972986,0.0
-47.7929996800941,52.86054761753486,0.0
-47.470805037494564,53.219209248899055,0.0
-47.14779961271454,53.57196335910424,0.0
-63.349269575209355,15.041329473180662,67.0
-63.23218432126043,15.978726775297405,66.0
-63.10830409553567,16.907423380709083,71.0
-62.97773688708047,17.827058853083276,73.0
-62.84059443581547,18.737298414898678,77.0
-62.69699186661632,19.637833051068824,77.0
-62.547047326359014,20.528379466295103,82.0
-62.390881626096636,21.40867990540212,85.0
-62.2286178903395,22.278501846780703,90.0
-62.06038121520758,23.137637579713537,90.0
-61.8862983370145,23.985903676794575,87.0
-61.70649731263229,24.82314037288866,78.0
-61.52110721277704,25.649210862128772,65.0
-61.33025782915213,26.46400052433281,47.0
-61.1340793961896,27.267416091960587,40.0
-60.932702327943964,28.05938476834453,37.0
-60.726256970518854,28.839853307436407,25.0
-60.51487337024457,29.608787064736738,0.0
-60.29868105767765,30.366169028433838,0.0
-60.07780884736003,31.111998839093214,27.000002
-59.852384653156854,31.846291805523105,27.000002
-59.62253531888794,32.569077923712264,0.0
-59.38838646387824,33.280400905005834,0.0
-59.15006234297657,33.980317218965475,0.0
-58.90768572052867,34.66889515566031,0.0
-58.66137775774017,35.34621391146345,0.0
-58.41125791282549,36.01236270179153,0.0
-58.157443853309324,36.66743990362583,0.0
-57.90005137982835,37.31155223009713,0.0
-57.63919436076894,37.944813938903316,0.0
-57.37498467707315,38.5673460758617,0.0
-57.107532176547764,39.179275754474965,0.0
-56.83694463701989,39.78073547201178,0.0
-56.563327737695026,40.37186246226765,0.0
-56.28678503809102,40.95279808487782,0.0
-56.00741796394136,41.523687250798865,0.0
-55.725325799484196,42.08467788335748,0.0
-55.44060568557799,42.635920414080516,0.0
-55.15335262311136,43.17756731236712,0.0
-54.863659481201495,43.709772647939545,0.0
-54.57161700970356,44.2326916849103,0.0
-54.277313855581234,44.746480506227975,0.0
-53.980836582716805,45.25129566720895,0.0
-53.6822696947662,45.747293876826056,0.0
-53.381695660691754,46.23463170540412,0.0
-53.079194942631716,46.713465317365824,0.0
-52.774846025790396,47.18395022767631,0.0
-52.468725450057924,47.646241080650135,0.0
-52.160907843091195,48.100491449807784,0.0
-51.85146595461026,48.546853657499646,0.0
-51.54047069168524,48.98547861305169,0.0
-51.227991154808855,49.416515668227625,0.0
-50.91409467456811,49.84011248884705,0.0
-50.598846848746625,50.25641494144523,0.0
-50.28231157970507,50.66556699390953,0.0
-49.964551111902885,51.06771062907616,0.0
-49.64562606943828,51.46298577032191,0.0
-49.32559549349714,51.85153021823494,0.0
-49.0045168796132,52.233479597498636,0.0
-48.682446214653524,52.608967313171306,0.0
-48.359438013453456,52.97812451559209,0.0
-48.035545355034714,53.34108007319022,0.0
-47.710819918349046,53.69796055251926,0.0
-47.385312017498066,54.04889020488179,0.0
-63.77230641767075,15.298590454589425,66.0
-63.653075839151406,16.250338033790396,72.0
-63.526945494471576,17.1929584684989,78.0
-63.394028331150636,18.12607968817012,78.0
-63.25444112643687,19.049357222962286,80.0
-63.10830409553567,19.96247426513494,81.0
-62.955740503881884,20.865141570969186,81.0
-62.79687628579315,21.757097214047523,82.0
-62.63183967161779,22.63810620164669,86.0
-62.4607608252575,23.507959966655434,92.0
-62.28377149370719,24.366475747841776,88.0
-62.10100467001657,25.213495871478646,84.0
-61.91259427084351,26.048886947313157,73.0
-61.71867482954231,26.872538991655773,58.0
-61.51938120551282,27.684364489996167,45.0
-61.31484831033172,28.484297411046885,33.0
-61.1052108509967,29.272292183499694,0.0
-60.89060309043946,30.04832264607566,0.0
-60.671158625304685,30.812380980682434,0.0
-60.44701018085038,31.56447663768078,25.0
-60.218289422700146,32.30463526142705,0.0
-59.98512678506939,33.03289762341504,0.0
-59.747651314995366,33.74931856950486,0.0
-59.505990532024036,34.453965986909786,0.0
-59.26027030274418,35.146919795825184,0.0
-59.01061472951031,35.82827096983405,0.0
-58.7571460526591,36.49812058851856,0.0
-58.499984565499,37.156578925049374,0.0
-58.23924854133648,37.80376457091864,0.0
-57.97505417179694,38.43980359942869,0.0
-57.70751551569846,39.06482876904819,0.0
-57.43674445774537,39.678978767298794,0.0
-57.16285067632168,40.28239749543832,0.0
-56.88594161968356,40.87523339385762,0.0
-56.606122489871275,41.4576388078063,0.0
-56.32349623368762,42.02976939280349,0.0
-56.038163540116706,42.59178355887178,0.0
-55.750222843587,43.143841952551135,0.0
-55.45977033251309,43.686106975502064,0.0
-55.1668999625821,44.21874233839136,0.0
-54.871703474282135,44.74191264866381,0.0
-54.57427041420216,45.255783030739266,0.0
-54.27468815966358,45.76051877713087,0.0
-53.97304194627439,46.256285028956334,0.0
-53.6694148980265,46.7432464843058,0.0
-53.36388805958566,47.22156713293605,0.0
-53.05654043045089,47.691410015778395,0.0
-52.74744900068644,48.152937007775314,0.0
-52.4366887879548,48.606308622596664,0.0
-52.12433287560264,49.05168383782845,0.0
-51.810452451574086,49.4892199392748,0.0
-51.495116847946726,49.919072383064986,0.0
-51.17839358090563,50.341394674311786,0.0
-50.860348390988484,50.75633826112339,0.0
-50.54104528345311,51.16405244282882,0.0
-50.22054656863305,51.5646842913341,0.0
-49.898912902163346,51.95837858458437,0.0
-49.57620332497051,52.3452777511641,0.0
-49.252475302934414,52.72552182512347,0.0
-48.92778476614071,53.09924841017388,0.0
-48.602186147653185,53.46659265244818,0.0
-48.27573242174463,53.827687221073084,0.0
-47.948475141534296,54.18266229585007,0.0
-47.62046447598709,54.531645561388586,0.0
-64.19551672124408,15.564583638607367,65.0
-64.07407399379218,16.531081003405678,73.0
-63.945624540589215,17.48799737614855,80.0
-63.81028656562945,18.43494882292201,82.0
-63.66818217843018,19.37158112178245,83.0
-63.51943697435491,20.29756977222869,82.0
-63.36417962024792,21.212619830807895,85.0
-63.20254144789968,22.116465585543054,86.0
-63.03465605760483,23.008870082822874,81.0
-62.86065893380686,23.889624521048844,88.0
-62.680687074553504,24.758547525706735,88.0
-62.49487863621793,25.615484320642167,85.0
-62.30337259467815,26.460305810198772,73.0
-62.106308423893665,27.292907586550363,58.999996
-61.90382579257905,28.11320887605596,48.0
-61.69606427944852,28.921151437817247,37.0
-61.48316310729875,29.716698426852613,32.0
-61.26526089600785,30.499833233447433,27.000002
-61.042495434358685,31.27055830932345,19.0
-60.815003470444466,32.028893990314636,19.0
-60.58292052028355,32.774877324264246,0.0
-60.34638069415816,33.50856091188662,0.0
-60.10551654009824,34.23001176738291,0.0
-59.86045890385419,34.939310204677035,0.0
-59.611336804641745,35.63654875425516,0.0
-59.358277325896076,36.32183111475925,0.0
-59.101405520239176,36.995271142707146,0.0
-58.84084432784415,37.65699188299318,0.0
-58.57671450736949,38.30712464216591,0.0
-58.30913457863626,38.94580810588517,0.0
-58.03822077622767,39.57318750142718,0.0
-57.764087013205305,40.18941380563435,0.0
-57.4868448541558,40.794642998291415,0.0
-57.206603496806366,41.389035360550494,0.0
-56.923469761476014,41.972754817720016,0.0
-56.637548087660164,42.54596832547293,0.0
-56.34894053708007,43.108845298314634,0.0
-56.05774680256294,43.661557078976266,0.0
-55.76406422215411,44.20427644726073,0.0
-55.46798779789913,44.73717716676349,0.0
-55.16961021876878,45.26043356781337,0.0
-54.86902188723608,45.77422016492807,0.0
-54.56631094904873,46.278711307049804,0.0
-54.26156332577421,46.774080858817904,0.0
-53.95486274972753,47.260501911141276,0.0
-53.646290800922465,47.73814651935517,0.0
-53.335926945717425,48.20718546727869,0.0
-53.02384857685502,48.66778805553144,0.0
-52.71013105462162,49.12012191251714,0.0
-52.394847748877815,49.564352826537394,0.0
-52.07807008173539,50.000644597558434,0.0
-51.759867570677194,50.429158907217136,0.0
-51.440307871938465,50.85005520571739,0.0
-51.119456823985935,51.26349061433454,0.0
-50.79737849094995,51.66961984231233,0.0
-50.47413520588049,52.068595117003156,0.0
-50.14978761371348,52.46056612616835,0.0
-49.82439471384741,52.84567997141946,0.0
-49.49801390224349,53.224081131844095,0.0
-49.1707010129734,53.59591143692098,0.0
-48.842510359150275,53.96131004788711,0.0
-48.51349477318729,54.32041344677649,0.0
-48.18370564633765,54.6733554324035,0.0
-47.85319296747738,55.02026712261542,0.0
-64.6188608903755,15.839749223762954,66.0
-64.4951360758627,16.82140989004083,69.0
-64.3642953845776,17.79300616691745,76.0
-64.22646259649026,18.754142063996547,82.0
-64.08176546880935,19.704453599673435,84.0
-63.93033528617858,20.643608747203615,90.0
-63.77230641767075,21.5713071912546,95.0
-63.6078158832931,22.487279909790363,93.0
-63.437002932419375,23.391288597116212,86.0
-63.26000863625806,24.283124944544703,90.0
-63.07697549615898,25.162609795452557,94.0
-62.88804706925718,26.029592191513455,90.0
-62.69336761265791,26.883948326644145,77.0
-62.493081747085846,27.725580424726665,62.0
-62.287334140655815,28.55441555650338,58.0
-62.07626921317675,29.3704044102194,62.0
-61.86003086117445,30.173520029644333,69.0
-61.63876220361598,30.96375653207352,63.0
-61.41260534813665,31.741127817819322,44.0
-61.18170117741294,32.505666281581895,19.0
-60.946189155187476,33.25742153496045,0.0
-60.70620715133806,33.996459148250494,0.0
-60.461891285287386,34.72285941858758,0.0
-60.213375786974865,35.43671617045694,0.0
-59.960792874553775,36.138135593602435,0.0
-59.70427264793476,36.827235122445494,0.0
-59.44394299726944,37.504142360270144,0.0
-59.179929525452586,38.16899405064848,0.0
-58.912355483718116,38.821935097871666,0.0
-58.64134171941028,39.463117637516284,0.0
-58.367006635025604,40.09270015771185,0.0
-58.08946615764269,40.71084667118098,0.0
-57.808833717883935,41.317725937694725,0.0
-57.52522023758465,41.913510736218925,0.0
-57.23873412538024,42.49837718571824,0.0
-56.949481279459654,43.0725041133281,0.0
-56.65756509677245,43.63607246839708,0.0
-56.36308648801779,44.18926478073762,0.0
-56.066143897783995,44.73226466129779,0.0
-55.76683332924849,45.26525634337599,0.0
-55.46524837288821,45.78842426244013,0.0
-55.16148023869018,46.30195267257888,0.0
-54.85561779139,46.80602529760124,0.0
-54.54774758830363,47.300825014809334,0.0
-54.23795391935266,47.78653356949325,0.0
-53.92631884891784,48.26333131823539,0.0
-53.61292225918703,48.731396999160445,0.0
-53.29784189469482,49.19090752732529,0.0
-52.98115340777903,49.64203781350753,0.0
-52.66293040470629,50.08496060472182,0.0
-52.34324449224386,50.5198463448657,0.0
-52.022165324478166,50.9468630539735,0.0
-51.699760649701616,51.36617622463326,0.0
-51.37609635720987,51.77794873419905,0.0
-51.05123652386935,52.182340771508485,0.0
-50.72524346033234,52.57950977689027,0.0
-50.398177756791846,52.96961039432136,0.0
-50.070098328183064,53.3527944346653,0.0
-49.74106245875075,53.729210848992686,0.0
-49.411125845913844,54.09900571105234,0.0
-49.08034264336924,54.46232220802562,0.0
-48.74876550338605,54.8193006387579,0.0
-48.416445618250535,55.17007841871956,0.0
-48.083432760829766,55.514790091004244,0.0
-65.16102497231913,15.117167654587167,74.0
-65.04229724020661,16.124556603771897,70.0
-64.91621710024079,17.121808482004507,69.0
-64.78290971979855,18.10848067793055,74.0
-64.64250479755543,19.084164997554314,80.0
-64.4951360758627,20.04848775580319,85.0
-64.34094085841511,21.00110964562246,95.0
-64.18005953645726,21.941725400563232,97.0
-64.01263512644636,22.870063268237978,95.0
-63.83881282174594,23.785884313005912,92.0
-63.65873956057453,24.68898156683848,98.0
-63.472563612083704,25.579179047533174,98.0
-63.280434182098546,26.456330663328046,95.0
-63.0825010397228,27.32031902256115,86.0
-62.87891416569931,28.17105416636024,70.0
-62.66982342312311,29.00847224148293,61.0
-62.45537825083645,29.83253412939773,69.0
-62.2357273795898,30.64322404654349,85.0
-62.01101857083546,31.440548129465963,87.0
-61.78139837782773,32.224533017240475,72.0
-61.547011928537714,32.99522444227889,34.0
-61.308002729749994,33.75268583931456,0.0
-61.06451249159158,34.49699698108216,0.0
-60.81668097164954,35.22825264797914,0.0
-60.56464583776079,35.946561337826225,0.0
-60.308542548503524,36.652044020746864,0.0
-60.0485042503836,37.344832943167084,0.0
-59.784661690687805,38.025070484003855,0.0
-59.51714314496932,38.69290806526234,0.0
-59.246074358133995,39.34850511850235,0.0
-58.97157849811144,39.992028107959726,0.0
-58.69377612111689,40.623649610515855,0.0
-58.41278514753999,41.24354745219593,0.0
-58.12872084753136,41.85190390043724,0.0
-57.84169583539764,42.44890491099906,0.0
-57.55182007195755,43.03473942807948,0.0
-57.259200874057115,43.609598735955984,0.0
-56.96394293048737,44.173675860270755,0.0
-56.66614832359497,44.727165016931906,0.0
-56.365916555922816,45.27026110649414,0.0
-56.06334458126339,45.80315925181026,0.0
-55.75852683955306,46.326054376704896,0.0
-55.45155529507927,46.83914082340838,0.0
-55.14251947751458,47.34261200649827,0.0
-54.831506525332365,47.83666010112546,0.0
-54.51860123119692,48.321475763346044,0.0
-54.20388608895789,48.79724788043843,0.0
-53.88744134191296,49.264163349152724,0.0
-53.56934503203508,49.72240687991576,0.0
-53.24967304989097,50.17216082509655,0.0
-52.92849918500562,50.61360502952309,0.0
-52.60589517645371,51.04691670152958,0.0
-52.28193076348333,51.47227030290308,0.0
-51.956673735999246,51.8898374561882,0.0
-51.6301899847539,52.29978686789797,0.0
-51.302543551113104,52.702284266266226,0.0
-50.97379667628056,53.097492352262755,0.0
-50.64400984988094,53.485570762675515,0.0
-50.31324185781592,53.86667604414427,0.0
-49.98154982932013,54.24096163710701,0.0
-49.64898928315592,54.60857786869409,0.0
-49.31561417289652,54.969671953675196,0.0
-48.98147693125632,55.32438800263078,0.0
-48.646628513436106,55.672867036582474,0.0
-48.3111184394581,56.015247007376395,0.0
-65.5868218429905,15.39554925399509,78.0
-65.46578182882476,16.419506743181653,75.0
-65.33726962531158,17.432792499084364,76.0
-65.20141658972477,18.43494882292201,75.0
-65.0583587072736,19.42555522789989,82.0
-64.90823606659069,20.404228459055435,87.0
-64.75119234227799,21.370622269343183,94.0
-64.58737428802688,22.32442697081394,96.0
-64.4169312434454,23.26536878121195,93.0
-64.24001465732832,24.193208987288774,91.0
-64.05677762970573,25.107742946644567,96.0
-63.86737447460889,26.00879894999732,98.0
-63.67196030510607,26.896236965493376,94.0
-63.47069064179316,27.769947286060248,84.0
-63.26372104557637,28.629849099916452,80.0
-63.051206775263445,29.475889003245747,78.0
-62.83330247018591,30.308039472765127,78.0
-62.610161857812265,31.126297314514783,92.0
-62.38193748607749,31.93068210371782,92.0
-62.14878047995304,32.72123462903699,73.0
-61.910840321607516,33.498015353029096,40.0
-61.66826465336491,34.26110289909456,24.0
-61.42119910254949,35.01059257376332,0.0
-61.16978712721543,35.7465949317686,0.0
-60.91416988169006,36.469234390051874,0.0
-60.65448610081185,37.178647895625055,0.0
-60.39087200171587,37.874983651098205,0.0
-60.1234612020062,38.558399900664966,0.0
-59.852384653156854,39.22906377842566,0.0
-59.57777058799662,39.88715022011753,0.0
-59.299744481157056,40.53284093861073,0.0
-59.018429021395406,41.166323462911926,0.0
-58.73394409474369,41.78779023989078,0.0
-58.446406777478934,42.397437797500196,0.0
-58.15593133795792,42.9954659678941,0.0
-57.86262924641106,43.58207716854887,0.0
-57.56660919184203,44.157475739259596,0.0
-57.26797710523327,44.72186733270364,0.0
-56.966836188310815,45.275458356135246,0.0
-56.6632869471746,45.818455461688615,0.0
-56.35742723015192,46.35106508271964,0.0
-56.04935226928187,46.873493013599926,0.0
-55.73915472488695,47.38594403038881,0.0
-55.426924732734,47.88862154984296,0.0
-55.1127499533307,48.38172732427636,0.0
-54.79671562294552,48.86546116985175,0.0
-54.47890460597794,49.34002072596443,0.0
-54.159397448342716,49.80560124346899,0.0
-53.83827243156618,50.26239539959512,0.0
-53.51560562732415,50.71059313749964,0.0
-53.19147095218123,51.150381528504816,0.0
-52.86594022231769,51.58194465517801,0.0
-52.53908320805618,52.00546351351223,0.0
-52.21096768802262,52.4211159325706,0.0
-51.881659502797625,52.829076510059615,0.0
-51.55122260793326,53.2295165623949,0.0
-51.21971912622802,53.62260408791931,0.0
-50.88720939916854,54.008503742025155,0.0
-50.55375203746084,54.387376823021306,0.0
-50.219403970587,54.75938126766988,0.0
-49.88422049533498,55.124671655397826,0.0
-49.548255323259035,55.48339922026428,0.0
-49.21156062703883,55.83571186983684,0.0
-48.87418708571198,56.18175421019667,0.0
-48.53618392876377,56.52166757635678,0.0
-66.01269838371975,15.68411402704078,79.0
-65.88926827237448,16.725134778780482,78.0
-65.75824355420343,17.75491215747927,79.0
-65.61976217654802,18.772973098859556,80.0
-65.47396680609715,19.77888480630862,79.0
-65.32100426436503,20.77225468204583,83.0
-65.16102497231913,21.752729991256857,90.0
-64.99418240796018,22.719997281457676,90.0
-64.82063258021032,23.673781580857426,88.0
-64.64053352200803,24.613845400419173,85.0
-64.45404480505024,25.53998756471391,93.0
-64.26132707817192,26.452041896577345,97.0
-64.06254163091899,27.34987578006988,92.0
-63.85784998345935,28.2333886253713,83.0
-63.647413503592816,29.1025102580749,83.0
-63.4313930512676,29.95719925394616,86.0
-63.20994865069332,30.797441238636324,86.0
-62.98323918985636,31.623247170148563,90.0
-62.75142214699606,32.4346516200927,84.0
-62.51465334338788,33.23171106797936,60.000004
-62.27308672160148,34.01450222103246,44.0
-62.026874148255516,34.78312037027326,27.000002
-61.77616524017596,35.53767779197438,17.0
-61.52110721277704,36.27830220201828,21.0
-61.261844749421485,37.005135269236725,19.0
-60.99851989047789,37.71833119246493,0.0
-60.731271940772686,38.418055344821994,0.0
-60.460237394132974,39.10448298763066,0.0
-60.18554987372838,39.777798055413236,0.0
-59.907340086945695,40.43819201254299,0.0
-59.625735793565276,41.085862781387576,0.0
-59.340861786051704,41.72101374114558,0.0
-59.05283988082126,42.34385279604289,0.0
-58.76178891940324,42.954591511112774,0.0
-58.46782477847047,43.553444313426084,0.0
-58.171060387774006,44.14062775635532,0.0
-57.871605755078335,44.71635984424219,0.0
-57.56956799725467,45.280859414683384,0.0
-57.26505137674968,45.83434557554679,0.0
-56.95815734270738,46.37703719377275,0.0
-56.64898457607803,46.909152432996386,0.0
-56.337629038104375,47.43090833704041,0.0
-56.02418402162751,47.942520456368634,0.0
-55.708740204705535,48.444202514653284,0.0
-55.39138570608523,48.93616611269,0.0
-55.07220614211183,49.41862046698917,0.0
-54.751284684703776,49.89177218047727,0.0
-54.428702120058034,50.355825042855194,0.0
-54.10453690778799,50.8109798582786,0.0
-53.778865240229166,51.257434298146215,0.0
-53.45176110167893,51.69538277690486,0.0
-53.12329632736446,52.1250163489018,0.0
-52.793540661959376,52.54652262443571,0.0
-52.462561817493096,52.96008570327568,0.0
-52.130425530517975,53.36588612403259,0.0
-51.79719561841969,53.764100827877996,0.0
-51.46293403477309,54.15490313521233,0.0
-51.12770092366235,54.53846273398614,0.0
-50.79155467289807,54.91494567847495,0.0
-50.45455196607728,55.28451439740051,0.0
-50.11674783344321,55.647327710377816,0.0
-49.77819570151258,56.003540851749506,0.0
-49.43894744144662,56.35330550094572,0.0
-49.099053416150554,56.69676981857979,0.0
-48.75856252609285,57.034078487557295,0.0
-66.43860947571739,15.983415656134198,77.0
-66.31270754101881,17.04201287078369,83.0
-66.17908591588635,18.088754972461043,82.0
-66.03788956886832,19.1231533159617,82.0
-65.88926827237448,20.14476286706354,78.0
-65.73337599475411,21.15318202476096,77.0
-65.57037030399643,22.148052151084332,84.0
-65.40041178715741,23.129056834783405,87.0
-65.22366348909958,24.09592091666735,86.0
-65.04029037360294,25.048409305236767,82.0
-64.8504588093825,25.986325611470228,89.0
-64.65433608303626,26.90951063130782,99.0
-64.45208994046045,27.817840703580103,93.0
-64.24388815781045,28.711225969940553,86.0
-64.02989814266016,29.58960856185031,81.0
-63.81028656562945,30.45296073791106,78.0
-63.58521902240231,31.30128299291554,89.0
-63.35485972575658,32.13460215794979,93.0
-63.11937122696401,32.95296950879483,92.0
-62.87891416569931,33.75645889778681,75.0
-62.63364704741416,34.545164922246514,62.0
-62.3837260469877,35.319201140614915,49.0
-62.129304837352706,36.07869834555834,39.0
-61.87053444171688,36.82380290155446,48.0
-61.60756310794435,37.55467515285317,36.0
-61.34053620363501,38.271487906231314,0.0
-61.069596130430526,38.97442499163332,0.0
-60.79488225608768,39.66367990260856,0.0
-60.51653086288425,40.339454517419675,0.0
-60.234675110962144,41.00195790079662,0.0
-59.94944501526025,41.65140518554311,0.0
-59.66096743474611,42.288016532555055,0.0
-59.36936607271727,42.91201616727666,0.0
-59.07476148701008,43.5236314901869,0.0
-58.77727110902186,44.12309225856935,0.0
-58.47700927052293,44.7106298365594,0.0
-58.174087237304846,45.286476510277076,0.0
-57.868613248781436,45.85086486473028,0.0
-57.56069256272653,46.404027219104286,0.0
-57.25042750439898,46.94619511703076,0.0
-56.9379175193688,47.4775988684457,0.0
-56.62325922941877,47.998467139694455,0.0
-56.30654649095404,48.509026588616564,0.0
-55.98787045540586,49.009501541439256,0.0
-55.66731963116718,49.500113708420656,0.0
-55.34497994664512,49.9810819353084,0.0
-55.02093481405992,50.45262198781253,0.0
-54.69526519366094,50.914946366431025,0.0
-54.36804965806789,51.36826414910851,0.0
-54.03936445648097,51.81278085935244,0.0
-53.70928357853483,52.248698357573836,0.0
-53.37787881760085,52.676214753560565,0.0
-53.04521983336863,53.09552433812874,0.0
-52.71137421356156,53.50681753213141,0.0
-52.37640753466349,53.910280851132015,0.0
-52.040383421552754,54.30609688417391,0.0
-51.70336360595764,54.69444428519418,0.0
-51.36540798366349,55.07549777574227,0.0
-51.026574670415215,55.44942815776925,0.0
-50.68692005647218,55.816402335353075,0.0
-50.3464988597834,56.17658334431901,0.0
-50.005364177760526,56.53013038880179,0.0
-49.66356753763556,56.87719888387815,0.0
-49.321158945397215,57.217940503474644,0.0
-48.97818693330678,57.55250323282667,0.0
-66.98497265470367,15.205382795833897,80.0
-66.8645073806086,16.29404745659891,81.0
-66.73604773347691,17.370753330534313,89.0
-66.59974062380749,18.43494882292201,85.0
-66.45573850612115,19.486129572465757,80.0
-66.30419871442871,20.523838489129012,80.0
-66.14528280723243,21.54766544326147,78.0
-65.97915592706642,22.557246634705653,82.0
-65.8059861789982,23.55226367289465,90.0
-65.62594403191119,24.53244240043142,89.0
-65.43920174577993,25.497551493337784,86.0
-65.24593282755151,26.447400871152063,91.0
-65.04631151766893,27.381839949424986,99.0
-64.84051230872461,28.30075576600638,100.0
-64.62870949722166,29.204071010926075,91.0
-64.41107676895417,30.091741987744722,81.0
-64.18778681809727,30.96375653207352,82.0
-63.959010999726445,31.820131910619,96.0
-63.72491901516297,32.66091272167381,100.0
-63.48567862926871,33.48616881551299,97.0
-63.24145541858662,34.29599325072203,93.0
-62.992412549039344,35.09050030012359,88.0
-62.738710581757424,35.86982351772131,79.0
-62.48050730550308,36.634113875967415,69.0
-62.217957594084915,37.38353798070653,66.0
-61.951213287118165,38.11827636936305,30.000002
-61.68042309246925,38.83852189632938,0.0
-61.4057325087315,39.54447820807966,0.0
-61.12728376610389,40.236358309273825,0.0
-60.845215784087046,40.91438322002513,0.0
-60.55966414446346,41.578780723570695,0.0
-60.27076107809343,42.22978420279981,0.0
-59.978635464128274,42.86763156344599,0.0
-59.683412840318354,43.49256424122504,0.0
-59.38521542317283,44.10482628978893,0.0
-59.08416213680831,44.70466354605296,0.0
-58.78036864940517,45.292322869228556,0.0
-58.473947416270065,45.86805144974554,0.0
-58.165007728582076,46.43209618416465,0.0
-57.85365576697583,46.98470311215357,0.0
-57.53999465918853,47.52611691161956,0.0
-57.22412454106714,48.05658044814944,0.0
-56.90614262029857,48.57633437499735,0.0
-56.58614324228802,49.08561677997488,0.0
-56.26421795766879,49.58466287573172,0.0
-55.94045559098187,50.073704730062964,0.0
-55.61494231011362,50.552971033036805,0.0
-55.2877616961271,51.02268689790145,0.0
-54.95899481316549,51.483073692897236,0.0
-54.62872027814533,51.93434890126956,0.0
-54.297014329993715,52.37672600694528,0.0
-53.9639508982164,52.810414403500715,0.0
-53.62960167061325,53.23561932420951,0.0
-53.29403615998522,53.65254179111473,0.0
-52.95732176970045,54.06137858121847,0.0
-52.6195238580099,54.46232220802562,0.0
-52.28070580102202,54.85556091681428,0.0
-51.94092905426354,55.241278692134046,0.0
-51.60025321276931,55.619655276155136,0.0
-51.25873606965786,55.990866196605495,0.0
-50.91643367316148,56.3550828031402,0.0
-50.57340038209063,56.71247231108751,0.0
-50.229688919721795,57.06319785160936,0.0
-49.88535042610619,57.40741852740074,0.0
-49.54043450880397,57.74528947313286,0.0
-49.19498929205457,58.07696191991945,0.0
-67.41331647657005,15.508638196829802,88.0
-67.29034150970438,16.61664585847018,89.0
-67.15923382756233,17.712012054484497,95.0
-67.02014820944132,18.79416530447249,90.0
-66.87324509711202,19.862585497482254,82.0
-66.71868987622186,20.916803803342727,78.0
-66.55665217023743,21.95640219984425,81.0
-66.38730515236297,22.981012649980627,85.0
-66.21082488018773,23.990315965840033,88.0
-66.02738965711478,24.984040397117326,87.0
-65.83717942392356,25.96195998269746,87.0
-65.64037518313633,26.923892703426727,98.0
-65.43715845820476,27.869698473156415,100.0
-65.22771078891957,28.799277003527546,100.0
-65.01221326388,29.712565575883254,98.0
-64.79084609034798,30.609536751259093,92.0
-64.5637882013551,31.490196046718612,93.0
-64.33121689953296,32.354579603467045,97.0
-64.09330753679725,33.20275186927625,100.0
-63.85023322873094,34.03480331486209,93.0
-63.60216460228198,34.850848201031745,93.0
-63.349269575209355,35.65102241071273,93.0
-63.091713165575634,36.435481357424415,89.0
-62.82965732949093,37.20439797938407,76.0
-62.56326082525488,37.9579608262706,57.0
-62.29267910201824,38.69637224371049,23.0
-62.01806421108766,39.419846658804204,0.0
-61.739564738022,40.128608968475916,0.0
-61.45732575371324,40.82289303109779,0.0
-61.171488782704465,41.502940260701756,0.0
-60.882191787068855,42.16899832213473,0.0
-60.58956916425462,42.8213199247234,0.0
-60.29375175738745,43.46016171137639,0.0
-59.994866876613656,44.08578323955101,0.0
-59.69303833015967,44.69844605013172,0.0
-59.38838646387824,45.29841281999488,0.0
-59.08102820814343,45.88594659385424,0.0
-58.771077131048656,46.461310090881234,0.0
-58.458643496948824,47.024765081561036,0.0
-58.14383432947324,47.57657183026883,0.0
-57.82675347821614,48.11698859912018,0.0
-57.50750168838768,48.64627120875684,0.0
-57.18617667278073,49.16467265186593,0.0
-56.86287318547537,49.672442755389454,0.0
-56.53768309676565,50.16982788755786,0.0
-56.210695468850936,50.65707070606833,0.0
-55.88199663188794,51.13440994392392,0.0
-55.55167026004779,51.60208022964799,0.0
-55.21979744726832,52.060311938787656,0.0
-54.886456782431665,52.509331073817336,0.0
-54.55172442373523,52.949359169746955,0.0
-54.21567417205709,53.380613222927664,0.0
-53.87837754314765,53.80330564072937,0.0
-53.53990383850638,54.21764420993867,0.0
-53.2003202148271,54.62383208189192,0.0
-52.85969175191692,55.02206777251546,0.0
-52.518081519013585,55.41254517559451,0.0
-52.175550639443095,55.795453587731814,0.0
-51.83215835357472,56.1709777435888,0.0
-51.48796208004391,56.53929786012519,0.0
-51.143017475225534,56.900589688666884,0.0
-50.797378490949946,57.25502457373891,0.0
-50.451097430463264,57.6027695176987,0.0
-50.10422500264121,57.94398725029638,0.0
-49.75681037447212,58.27883630237296,0.0
-49.40890122183065,58.607471082984866,0.0
-67.84163462159694,15.823920932021478,93.0
-67.71605816778887,16.95189424544694,98.0
-67.5822074038022,18.06649229758431,93.0
-67.44024552779501,19.16712340048582,91.0
-67.29034150970438,20.253251787373845,88.0
-67.13266931369866,21.32439736649363,83.0
-66.96740713675679,22.380135051959574,81.0
-66.79473666926908,23.42009371237997,84.0
-66.61484238275253,24.44395478041654,85.0
-66.4279108489584,25.451450567644923,84.0
-66.23413009384653,26.442362329238914,87.0
-66.03368898912083,27.41651812223355,92.0
-65.8267766832843,28.37379049957006,98.0
-65.61358207348444,29.3140940799336,99.0
-65.39429331879572,30.237383030705562,98.0
-65.16909739502414,31.14364849830146,98.0
-64.93817969062698,32.032916016878744,98.0
-64.7017236429174,32.9052429229879,96.0
-64.45991041336667,33.76071580030233,93.0
-64.21291860052565,34.59944797517893,95.0
-63.96092398885571,35.42157708053926,98.0
-63.70409933158459,36.22726270247059,97.0
-63.44261416557792,37.01668412106669,86.0
-63.176634656138546,37.79003815438417,74.0
-62.906323469605255,38.54753711199749,56.0
-62.63183967161779,39.28940686250036,47.0
-62.353338648937125,40.015885017421304,30.000002
-62.07097205275748,40.727219232390745,22.0
-61.784887761511754,41.423665625002656,38.0
-61.49522986125353,42.10548730764246,38.0
-61.202138641790036,42.77295303258643,24.0
-60.9057506068414,43.42633594589745,0.0
-60.60619849660613,44.06591244603084,0.0
-60.3036113212207,44.69196114260014,0.0
-59.99811440371051,45.30476191042108,0.0
-59.68982943113621,45.90459503373269,0.0
-59.37887451274592,46.49174043537272,0.0
-59.06536424404521,47.06647698564424,0.0
-58.7494097757954,47.629081885638655,0.0
-58.43111888704357,48.179830119864235,0.0
-58.11059606137627,48.71899397315805,0.0
-57.78794256567136,49.246842607023474,0.0
-57.46325653070019,49.76364169072618,0.0
-57.136633033003555,50.26965308269179,0.0
-56.80816417753191,50.76513455797237,0.0
-56.4779391806007,51.25033957778048,0.0
-56.14604445276835,51.725517097325266,0.0
-55.81256368129469,52.190911408420405,0.0
-55.477577911884815,52.64676201356718,0.0
-55.1411656294648,53.093303528443116,0.0
-54.803402837774016,53.53076560994813,0.0
-54.46436313759253,53.95937290717234,0.0
-54.12411780345334,54.37934503285323,0.0
-53.78273585871547,54.79089655308359,0.0
-53.44028414889941,55.19423699321413,0.0
-53.09682741320696,55.58957085806767,0.0
-52.75242835416729,55.977097664743596,0.0
-52.40714770536733,56.357011986442664,0.0
-52.061044297239555,56.729503505883315,0.0
-51.714175120892925,57.094757077012105,0.0
-51.366595389983885,57.45295279383221,0.0
-51.01835860063388,57.804266065286754,0.0
-50.66951658940827,58.1488676952371,0.0
-50.32011958937816,58.48692396667196,0.0
-49.970216284293144,58.818596729370995,0.0
-49.619853860897294,59.14404349032673,0.0
-68.26987500667079,16.15194071463095,93.0
-68.14160026819144,17.300527191945005,97.0
-68.00490633882278,18.43494882292201,93.0
-67.8599654315254,19.55459350345117,94.0
-67.7069556283405,20.658910063307488,95.0
-67.54606003856293,21.747407825138392,86.0
-67.37746597731702,22.81965569798276,82.0
-67.2013641709111,23.875280853927517,82.0
-67.01794799440658,24.91396703879367,84.0
-66.82741274589138,25.93545256866772,87.0
-66.62995496102357,26.939528063800818,90.0
-66.42577177052395,27.926033970054057,92.0
-66.21506030246594,28.894857915851137,95.0
-65.99801713044609,29.8459319496874,96.0
-65.774837768029,30.77922969981204,95.0
-65.54571620925057,31.694763493908916,96.0
-65.31084451443454,32.59258147259926,97.0
-65.07041244013065,33.47276472650426,95.0
-64.82460711161256,34.335424482548255,93.0
-64.57361273607972,35.1806993612421,96.0
-64.31761035447981,36.008752722934,99.0
-64.05677762970573,36.81977011750248,96.0
-63.79128866881201,37.61395684873273,87.0
-63.52131387683706,38.39153566168314,82.0
-63.24701983980096,39.15274455872678,74.0
-62.96856923446682,39.89783474764182,61.0
-62.68612076250301,40.627068723118875,40.0
-62.39982910675552,41.340718481339195,36.0
-62.109844907430976,42.039063865836255,52.0
-61.816314756095785,42.72239104166592,61.0
-61.51938120551282,43.3909910939526,33.0
-61.219182793458074,44.04515874612781,0.0
-60.91585407878567,44.6851911926109,0.0
-60.60952568813593,45.31138704027483,0.0
-60.30032437180653,45.92404535277271,0.0
-59.98837306742983,46.523464791651826,0.0
-59.673790970218235,47.10994284813326,0.0
-59.356693608653515,47.683775159468986,0.0
-59.037192924604355,48.245254903890164,0.0
-58.71539735695872,48.79467226831578,0.0
-58.391411927953406,49.33231398318852,0.0
-58.06533833147251,49.85846291903429,0.0
-57.73727502266939,50.3733977395939,0.0
-57.40731730834291,50.877392606643134,0.0
-57.075557437568854,51.370716931894016,0.0
-56.74208469215133,51.853635171650225,0.0
-56.40698547651743,52.326406660169546,0.0
-56.070343406730956,52.789285477961684,0.0
-55.73223939834885,53.24252035151887,0.0
-55.39275175288685,53.68635458123665,0.0
-55.051956242699156,54.12102599453199,0.0
-54.709926194111574,54.546766921403844,0.0
-54.366732568677755,54.96380418990718,0.0
-54.02244404245561,55.37235913922472,0.0
-53.67712708322452,55.772647648220705,0.0
-53.330846025585444,56.164880177548596,0.0
-52.98366314390406,56.549261823559355,0.0
-52.6356387230733,56.925992382419444,0.0
-52.28683112708588,57.295266422998154,0.0
-51.93729686541881,57.65727336722329,0.0
-51.587090657242925,58.012197576732376,0.0
-51.23626549347864,58.360218444764485,0.0
-50.88487269672715,58.701510492346536,0.0
-50.53296197911198,59.03624346792648,0.0
-50.18058149807132,59.3645824496972,0.0
-49.82777791014557,59.68668794993704,0.0
-68.820314989687,15.30927348798319,85.0
-68.69798218824019,16.493462432007636,91.0
-68.56690701545304,17.663335144185996,93.0
-68.4272644647351,18.818192468556763,93.0
-68.27923640988776,19.95740182218302,96.0
-68.12301067566307,21.08039707992254,95.0
-67.95878012585813,22.186677893447985,91.0
-67.78674177690058,23.275808498586162,86.0
-67.60709594380184,24.347416068886425,81.0
-67.42004542425168,25.401188675413994,82.0
-67.2257947255319,26.436872913254454,92.0
-67.02454933786412,27.4542712543037,95.0
-66.81651505680084,28.453239183818923,96.0
-66.6018973563336,29.43368217514319,100.0
-66.38090081354301,30.39555255320988,99.0
-66.15372858485878,31.338846293094495,99.0
-65.9205819333368,32.26359979520217,99.0
-65.6816598057979,33.16988667383196,97.0
-65.43715845820476,34.05781459099063,96.0
-65.18727112727571,34.92752216256106,97.0
-64.93218774604165,35.77917595936209,100.0
-64.67209470083628,36.61296762134051,100.0
-64.4071746270639,37.429111099165716,96.0
-64.13760624100324,38.227840033886444,91.0
-63.86356420487373,39.009405282075214,85.0
-63.58521902240231,39.774072591033224,78.0
-63.30273696217831,40.522120426150366,62.0
-63.0162800061627,41.25383795039637,52.0
-62.726005820821186,41.96952315413941,45.0
-62.43206774847035,42.66948113202107,45.0
-62.13461481655989,43.35402250243596,50.0
-61.833791762754544,44.023461964238436,35.0
-61.52973907382656,44.67811698460128,0.0
-61.22259303651595,45.31830661145137,0.0
-60.91248579866318,45.944350403579634,0.0
-60.59954543906214,46.55656747133987,0.0
-60.28389604462011,47.15527562079149,0.0
-59.96565779354444,47.74079059418257,0.0
-59.644947043402,48.31342539979275,0.0
-59.321876423016384,48.87348972434458,0.0
-58.99655492727891,49.42128942143061,0.0
-58.66908801405353,49.95712606968069,0.0
-58.33957770245078,50.48129659469735,0.0
-58.00812267183427,50.99409294910847,0.0
-57.674818361003766,51.49580184541764,0.0
-57.33975706707218,51.98670453666693,0.0
-57.003028043620525,52.46707664026034,0.0
-56.66471759777493,52.937188000622946,0.0
-56.32490918590408,53.39730258668975,0.0
-55.98368350768403,53.8476784205246,0.0
-55.641118598320595,54.2885675336642,0.0
-55.29728991875818,54.720215948060854,0.0
-54.95227044373842,55.1428636787627,0.0
-54.60613074760143,55.55674475571822,0.0
-54.25893908775012,55.96208726232529,0.0
-53.91076148572023,56.35911338856209,0.0
-53.56166180581988,56.74803949673966,0.0
-53.211701831319346,57.12907619810279,0.0
-52.86094133818754,57.50242843867973,0.0
-52.5094381663841,57.86829559293978,0.0
-52.15724828872766,58.22687156396535,0.0
-51.80442587736971,58.57834488897883,0.0
-51.4510233679118,58.922898849188144,0.0
-51.09709152120984,59.26071158302656,0.0
-50.742679482915015,59.591956201965424,0.0
-50.387834840804814,59.916800908170664,0.0
-50.032603679961035,60.235409113359445,0.0
-69.25097643398637,15.642246457208728,77.0
-69.12589703626367,16.84931141182509,80.0
-68.99191355136864,18.04116959683518,88.0
-68.84921119023609,19.217095176978674,96.0
-68.69798218824019,20.37643521383639,97.0
-68.53842479404015,21.518609317392315,94.0
-68.3707422812986,22.643108670705708,91.0
-68.19514199193891,23.74949449286676,86.0
-68.01183441833065,24.837396009213965,84.0
-67.8210323304993,25.90650799951439,84.0
-67.62294995318679,26.956587994668727,89.0
-67.41780219637158,27.987453190755975,92.0
-67.20580394171517,28.998977146154004,93.0
-66.98716938635492,29.99108632334132,96.0
-66.76211144452246,30.96375653207352,98.0
-66.53084120664064,31.917009325188896,99.0
-66.29356745484199,32.85090839255866,97.0
-66.05049623325685,33.76555599285792,96.0
-65.80183047093611,34.66108945705896,98.0
-65.54776965489341,35.53767779197438,97.0
-65.28850955046889,36.39551840690735,94.0
-65.02424196601844,37.23483398157467,100.0
-64.75515455881244,38.055869489006774,98.0
-64.48143067897222,38.85888938312319,93.0
-64.20324924827449,39.64417495714481,84.0
-63.92078467070154,40.41202187592752,69.0
-63.634206771700796,41.16273788267235,57.0
-63.3436807632327,41.89664067825663,58.999996
-63.04936723182382,42.61405596961119,49.0
-62.751422146996056,43.31531568210371,38.0
-62.44999688760754,44.000756329742714,34.0
-62.14523828381158,44.670717536153326,31.0
-61.8372886725128,45.3255406986593,0.0
-61.52628596437144,45.96556778740092,0.0
-61.21236372057507,46.5911402711946,0.0
-60.89565123775965,47.202598161765806,0.0
-60.576273639617476,47.800279168037946,0.0
-60.25435197387752,48.384517952309764,0.0
-59.930003313481855,48.95564548038416,0.0
-59.60334086091209,49.513988458001265,0.0
-59.27447405473995,50.059868846264116,0.0
-58.94350867758639,50.59360344911226,0.0
-58.61054696477647,51.11550356628541,0.0
-58.275687713069246,51.62587470561748,0.0
-57.939026388926536,52.1250163489018,0.0
-57.60065523586108,52.61322176596662,0.0
-57.26066338047315,53.09077787198961,0.0
-56.91913693684584,53.55796512345823,0.0
-56.576159109025504,54.01505744854655,0.0
-56.23181029136176,54.46232220802562,0.0
-55.886168166525295,54.90002018315391,0.0
-55.53930780106049,55.32840558730388,0.0
-55.191301738362846,55.747726098372056,0.0
-54.842220089001316,56.15822290929143,0.0
-54.492130618331146,56.56013079421777,0.0
-54.14109883136513,56.953678188195596,0.0
-53.789188054890275,57.339087278326204,0.0
-53.436459516833885,57.71657410465899,0.0
-53.08297242289633,58.086348669210956,0.0
-52.728784030480405,58.44861505168652,0.0
-52.373949719956556,58.80357153062328,0.0
-52.01852306331187,59.15141070882937,0.0
-51.66255589023723,59.49231964210488,0.0
-51.30609835171266,59.82647997035567,0.0
-50.94919898115485,60.1540680503126,0.0
-50.59190475319464,60.475255089163845,0.0
-50.234261140154004,60.79020727849371,0.0
-69.68149230133864,15.989639737312594,93.0
-69.55355636897703,17.220379274978303,67.0
-69.41655055957504,18.434948822922014,62.0
-69.27067107854667,19.63259553753041,74.0
-69.11612128326331,20.81264648325938,90.0
-68.95311058227298,21.974507991471963,96.0
-68.78185336382477,23.117664325212793,92.0
-68.60256796311305,24.241675728453586,90.0
-68.41547567614366,25.346175941946694,88.0
-68.22079982661089,26.430869268962176,88.0
-68.01876489070472,27.495527273156377,90.0
-67.80959568337383,28.53998518795997,89.0
-67.59351660827849,29.564138112533197,93.0
-67.37075097249794,30.567937063864086,96.0
-67.14152036602071,31.55138494831349,97.0
-66.90604410514939,32.51453250914285,95.0
-66.66453873819432,33.45747429956314,94.0
-66.41721761120938,34.38034472384487,97.0
-66.16429049103155,35.2833141822149,100.0
-65.90596324251183,36.166585348781005,100.0
-65.64243755656156,37.03038960567864,98.0
-65.37391072546767,37.874983651098205,97.0
-65.10057546184534,38.70064629386952,100.0
-64.82261975758095,39.50767544287256,93.0
-64.54022677916215,40.29638529570681,78.0
-64.25357479588376,41.06710372776947,72.0
-63.962837137547325,41.82016988013577,64.0
-63.66818217843018,42.555931942364595,52.999996
-63.36977334447889,43.27474512452735,35.0
-63.06776914087355,43.97696981133217,29.0
-62.762323197310316,44.6629698901422,0.0
-62.45358432855203,45.333111243921365,0.0
-62.14169660799935,45.98776039963981,0.0
-61.82679945223281,46.627283322393595,0.0
-61.509027714667134,47.25204434540256,0.0
-61.188511786642465,47.862405226111754,0.0
-60.86537770445035,48.458724318806425,0.0
-60.53974726095458,49.0413558544315,0.0
-60.21173812061879,49.61064931866061,0.0
-59.881463936892864,50.16694891966776,0.0
-59.549034471039015,50.71059313749964,0.0
-59.21455571159685,51.241914347415054,0.0
-58.878129993793564,51.76123851003723,0.0
-58.53985611830323,52.26888492164752,0.0
-58.19982946884654,52.76516601842533,0.0
-57.85814212820118,53.2503872289055,0.0
-57.514882992263395,53.72484686937448,0.0
-57.17013788186376,54.188836077358765,0.0
-56.82398965209607,54.64263877876926,0.0
-56.476518298966646,55.086531684653785,0.0
-56.127801063215145,55.520784313874366,0.0
-55.777912531194865,55.945659038367204,0.0
-55.426924732734,56.361411147960645,0.0
-55.074907235927405,56.768288932020646,0.0
-54.721927238833004,57.16653377546569,0.0
-54.36804965806789,57.55638026694274,0.0
-54.013337214317495,57.93805631718646,0.0
-53.65785051478561,58.31178328579386,0.0
-53.301648132626454,58.6777761148389,0.0
-52.94478668340999,59.03624346792648,0.0
-52.58732089868032,59.387387873444595,0.0
-52.22930369667445,59.731405870917314,0.0
-51.87078625027343,60.06848815949221,0.0
-51.51181805226269,60.39881974771339,0.0
-51.152446977981285,60.722580103838034,0.0
-50.792719345441846,61.03994330604966,0.0
-50.43267997300465,61.35107819200749,0.0
-69.84074382314769,18.845664221687084,47.0
-69.691563376627,20.065704897423423,47.0
-69.53356650841395,21.267060195928003,68.0
-69.366974582178,22.449124518333033,84.0
-69.19201385833043,23.61137717218116,88.0
-69.00891437923843,24.75337992441178,92.0
-68.8179089100769,25.874773979212907,91.0
-68.61923194195003,26.975276478761526,92.0
-68.41311876221584,28.054676622620864,93.0
-68.19980459535472,29.112831497236048,91.0
-67.97952381626806,30.149661701015766,94.0
-67.7525092365912,31.16514684334127,93.0
-67.51899146347013,32.159320987907215,92.0
-67.27919832928536,33.13226810243392,90.0
-67.03335439000702,34.08411756830692,91.0
-66.7816804892255,35.01503979535667,97.0
-66.5243933844118,35.925241978991316,99.0
-66.26170543160556,36.81496402939455,98.0
-65.99382432449445,37.68447469560374,99.0
-65.72095288371966,38.53406790106047,95.0
-65.44328889220196,39.36405930170656,93.0
-65.16102497231913,40.174783072890186,87.0
-64.874348500861,40.96658892722981,81.0
-64.58344155783381,41.739839362125124,79.0
-64.28848090536579,42.494907132758605,67.0
-63.98963799317413,43.23217294414393,48.0
-63.687078987278234,43.95202335399352,34.0
-63.38096481887961,44.65484887683587,28.0
-63.07145125056886,45.34104227885886,0.0
-62.7586889572582,46.0109970523304,23.0
-62.44282361947238,46.665106058103675,0.0
-62.12399602685648,47.303760324600205,0.0
-61.80234218997496,47.927347991740874,0.0
-61.47799345868011,48.53625338852171,0.0
-61.15107664551911,49.13085623327641,0.0
-60.82171415282697,49.71153094610156,0.0
-60.49002410231608,50.278646063418904,0.0
-60.15612046612403,50.83256374519134,0.0
-59.8201131984186,51.37363936587751,0.0
-59.482108366783095,51.90222118079123,0.0
-59.14220828271797,52.418650060113464,0.0
-58.800511630695766,52.923259283378655,0.0
-58.4571135952963,53.41637438781572,0.0
-58.112105986029874,53.8983130644626,0.0
-57.76557735952747,54.369385096487484,0.0
-57.41761313883977,54.82989233463745,0.0
-57.06829572964223,55.280128705194585,0.0
-56.717704633191794,55.72038024624977,0.0
-56.365916555922816,56.150925168505154,0.0
-56.01300551560642,56.57203393718833,0.0
-55.65904294402899,56.983969372004715,0.0
-55.304097786172186,57.38698676237109,0.0
-54.948236595900134,57.7813339954634,0.0
-54.59152362817849,58.167251694877784,0.0
-54.2340209278666,58.54497336794552,0.0
-53.87578841513725,58.914725559963706,0.0
-53.516883967589656,59.276728013802646,0.0
-53.157363499130255,59.631193833533224,0.0
-52.79728103570278,59.97832965088001,0.0
-52.4366887879548,60.31833579345457,0.0
-52.075637220931824,60.6514064538554,0.0
-51.71417512089292,60.97772985884085,0.0
-51.352349659343666,61.29748843788798,0.0
-50.99020645438341,61.6108589905459,0.0
-50.62778962946361,61.91801285207806,0.0
-69.95022442340387,21.740779054471712,48.0
-69.77991670907551,22.943566472960647,60.000004
-69.60111729293037,24.12535317354997,71.0
-69.41406868701664,25.28570548470194,81.0
-69.21901583190235,26.42427558931891,90.0
-69.01620503272787,27.540797364372796,93.0
-68.80588297308941,28.635081830119088,92.0
-68.5882958097795,29.707012314014232,89.0
-68.36368834977527,30.756539426452175,87.0
-68.13230330942558,31.78367593620939,77.0
-67.89438065455259,32.788491623524024,68.0
-67.6501570191529,33.77110817846126,75.0
-67.39986519954996,34.73169420198976,82.0
-67.14373372020316,35.670460357301906,85.0
-66.88198646690219,36.587654709573165,88.0
-66.61484238275253,37.48355828373051,95.0
-66.34251522216759,38.35848086198847,93.0
-66.06521335800849,39.21275703596849,98.0
-65.78313963703278,40.04674252215794,89.0
-65.49649127891243,40.8608107442738,88.0
-65.2054598142415,41.65534968173412,88.0
-64.91023105716143,42.43075897985182,83.0
-64.61098510847394,43.18744731448441,75.0
-64.30789638537496,43.925830001627375,64.0
-64.00113367422215,44.64632684075354,51.0
-63.69086020303155,45.34936017950279,38.0
-63.37723373068201,46.035353186544945,25.0
-63.060406650083735,46.704728319007266,23.0
-62.740526102834416,47.3579059707169,0.0
-62.4177341031426,47.99530328760275,0.0
-62.09216766903853,48.61733313688215,0.0
-61.76395895911823,49.224403217083854,0.0
-61.4332354132758,49.81691529649263,0.0
-61.10011989607152,50.39526456821309,0.0
-60.76473084155936,50.959839110713055,0.0
-60.427182398558024,51.51101944340064,0.0
-60.087584575494,52.04917816749529,0.0
-59.74604338407624,52.57467968315785,0.0
-59.40266098117797,53.08787997453801,0.0
-59.05753580840547,53.58912645506944,0.0
-58.71076272892579,54.07875786598896,0.0
-58.36243316120681,54.55710422167067,0.0
-58.01263520939402,55.02448679594663,0.0
-57.66145379011162,55.481218144130914,0.0
-57.308970755529515,55.92760215597235,0.0
-56.9552650125848,56.363934135233634,0.0
-56.60041263828733,56.79050090203141,0.0
-56.24448699107324,57.20758091447348,0.0
-55.88755881820022,57.61544440649842,0.0
-55.52969635920318,58.01435353915964,0.0
-55.17096544544985,58.40456256290382,0.0
-54.81142959585325,58.78631798867196,0.0
-54.4511501088122,59.15985876590556,0.0
-54.09018615046287,59.52541646576842,0.0
-53.72859483933273,59.88321546810161,0.0
-53.36643132749642,60.23347315081475,0.0
-53.00374887833744,60.57640008058401,0.0
-52.640598941024,60.9122002038764,0.0
-52.27703122180948,61.24107103745432,0.0
-51.91309375226957,61.563203857633255,0.0
-51.54883295458847,61.87878388767264,0.0
-51.18429370400625,62.187990482773635,0.0
-50.8195193885384,62.49099731224261,0.0
-69.81791044090457,25.839826878018737,52.0
-69.61867002272353,26.995838394086622,67.0
-69.4115871387085,28.12856761567283,76.0
-69.1969204782301,29.237852236027447,71.0
-68.97492766969538,30.323606862549994,69.0
-68.74586442221597,31.385817255170647,74.0
-68.50998375965455,32.424534500255575,51.0
-68.26753534484628,33.43986920578224,29.0
-68.0187648907047,34.43198579099067,49.0
-67.76391365406788,35.4010969314582,74.0
-67.5032180075019,36.34745820888528,83.0
-67.2369090838351,37.271363004048396,88.0
-66.96521248792268,38.173137661526304,93.0
-66.68834807001491,39.053136946026505,93.0
-66.4065297550987,39.9117398024624,93.0
-66.11996542267927,40.74934542534881,94.0
-65.82885683164514,41.56636963754948,93.0
-65.5333995850967,42.363241573859554,90.0
-65.23378313030143,43.140400661254446,86.0
-64.93019078924881,43.89829388479363,82.0
-64.62279981560862,44.63737332603749,75.0
-64.31178147423293,45.358093959323575,63.0
-63.997301139679074,46.06091169026423,46.0
-63.67951841056148,46.74628162028564,36.0
-63.358587236858504,47.41465652085079,34.0
-63.03465605760483,48.0664855011259,25.0
-62.7078679466853,48.70221285319941,26.0
-62.37836076471391,49.32227705949105,21.0
-62.046267315228214,49.927109947649015,0.0
-61.71171550365647,50.51713597898806,0.0
-61.374828497722085,51.092771657336066,0.0
-61.03572488813708,51.6544250460066,0.0
-60.69451884860573,52.20249538147657,0.0
-60.35132029431076,52.73737277320629,0.0
-60.006235038189864,53.259437979878804,0.0
-59.65936494442991,53.76906225314761,0.0
-59.3108080787121,54.26660724075921,0.0
-58.960658854834506,54.752424941653786,0.0
-58.60900817741916,55.22685770634135,0.0
-58.255943580482615,55.6902382764991,0.0
-57.90154936170871,56.142889858339316,0.0
-57.54590671231647,56.58512622485505,0.0
-57.1890938424602,57.01725184256447,0.0
-56.831186102137394,57.43956201884656,0.0
-56.4722560976129,57.852343066390944,0.0
-56.112373803394526,58.255872481677514,0.0
-55.75160666981795,58.650419134756994,0.0
-55.390019726317284,59.03624346792648,0.0
-55.02767568047265,59.41359770118494,0.0
-54.664635012938064,59.78272604261568,0.0
-54.30095606836208,60.143864902078704,0.0
-53.93669514242079,60.49724310680662,0.0
-53.57190656508767,60.84308211768702,0.0
-53.20664278026839,61.18159624518258,0.0
-52.840954421930206,61.51299286399058,0.0
-52.47489038685698,61.83747262567639,0.0
-52.10849790415998,62.15522966863465,0.0
-51.74182260167396,62.466451824835794,0.0
-51.37490856936616,62.77132082290876,0.0
-51.00779841988354,63.07001248719136,0.0
-68.63829384850534,34.11447294534126,35.0
-68.38485769039961,35.11587599247793,39.0
-68.12533342893747,36.09325581622025,72.0
-67.8599654315254,37.04691802856159,88.0
-67.5889921734495,37.9772061644268,92.0
-67.31264597061431,38.8844964337146,92.0
-67.0311527773908,39.7691928244468,93.0
-66.74473204309204,40.63172256541162,95.0
-66.45359662078808,41.47253194962589,94.0
-66.15795272244188,42.2920825141338,92.0
-65.8579999146773,43.09084756700363,90.0
-65.55393114985858,43.869309048762034,88.0
-65.24593282755151,44.62795471279671,86.0
-64.93418488184021,45.367275607338094,78.0
-64.61886089037552,46.08776384038409,61.0
-64.30012820142626,46.789910608246075,49.0
-63.97814807558617,47.474204468170456,52.0
-63.653075839151406,48.14112983563611,34.0
-63.32506104652527,48.79116568736522,29.0
-62.994247649323874,49.42478445174397,30.000002
-62.660774170150034,50.04245106917092,32.0
-62.324773879270715,50.6446222057861,26.0
-61.986374972677794,51.231745605040125,29.0
-61.64570075023191,51.80425956260843,0.0
-61.30286979278735,52.362592511212554,0.0
-60.95799613737245,52.90716270295846,0.0
-60.61118944965686,53.438377977823926,0.0
-60.26255519307577,53.95663560791191,0.0
-59.91219479410255,54.46232220802562,0.0
-59.56020580326805,54.95581370400778,0.0
-59.20668205161752,55.43747535111818,0.0
-58.85171380237574,55.9076617954981,0.0
-58.49538789766047,56.366717172487704,0.0
-58.13778790014313,56.81497523622323,0.0
-57.77899422960554,57.2527595155474,0.0
-57.419084294384376,57.68038349181982,0.0
-57.05813261773012,58.09815079471876,0.0
-56.69621095913679,58.506355412582366,0.0
-56.33338843072304,58.90528191425107,0.0
-55.96973160876464,59.295205679745614,0.0
-55.605304640493955,59.67639313745001,0.0
-55.240169346294536,60.04910200576978,0.0
-54.874385317427695,60.41358153750406,0.0
-54.508010009435004,60.77007276541074,0.0
-54.14109883136513,61.11880874765736,0.0
-53.773705230976255,61.460014812040036,0.0
-53.405880776066255,61.79390879802152,0.0
-53.03767523208327,62.120701295788244,0.0
-52.66913663616763,62.440595881657515,0.0
-52.30031136777473,62.75378934928186,0.0
-51.93124421602511,63.060471936199185,0.0
-51.56197844392531,63.36082754536639,0.0
-51.1925558495991,63.655033961392064,0.0
-68.74826161966025,35.82379665962386,69.0
-68.48394885304266,36.80913862353662,78.0
-68.21379895664437,37.76975736074843,82.0
-67.93805781541037,38.706051811048916,86.0
-67.6569644755169,39.61845294786808,80.0
-67.37075097249794,40.507418520084684,82.0
-67.07964222039087,41.37342821612039,92.0
-66.78385595479908,42.21697924614339,88.0
-66.48360272315287,43.03858233222966,88.0
-66.17908591588635,43.838758091685996,87.0
-65.8705018327161,44.618033795270975,88.0
-65.55803977868918,45.37694047959713,84.0
-65.24188218515289,46.11601039140727,75.0
-64.92220475127289,46.835774740545695,58.999996
-64.5991766021846,47.53676173815999,56.0
-64.27296046029781,48.21949489685284,48.0
-63.94371282668279,48.88449157005307,36.0
-63.611584169845706,49.532261708701455,38.0
-63.2767191195507,50.16330681437354,39.0
-62.93925666366411,50.77811906912666,33.0
-62.59933034628565,51.37718062360736,34.0
-62.257068465691106,51.960963026248564,33.0
-61.91259427084351,52.529926777687564,0.0
-61.566026155436326,53.084520995822054,0.0
-61.217477848615026,53.62518317817046,0.0
-60.86705860168377,54.152339049401995,0.0
-60.514873370244565,54.66640248303976,0.0
-60.1610229913381,55.167775487411376,0.0
-59.80560435526163,55.65684824692129,0.0
-59.44871057182949,56.13399921064699,0.0
-59.09043113092032,56.599595221116346,0.0
-58.73085205722029,57.05399167690892,0.0
-58.37005605912818,57.49753272344049,0.0
-58.00812267183427,57.93055146694277,0.0
-57.64512839462394,58.353370207241,0.0
-57.28114682248844,58.766300685466256,0.0
-56.916248772151796,59.16964434331953,0.0
-56.55050240264209,59.56369259093638,0.0
-56.183973330553044,59.94872708078707,0.0
-55.81672474015266,60.32501998539171,0.0
-55.448817488505746,60.69283427693738,0.0
-55.08031020578273,61.05242400715664,0.0
-54.71125939093108,61.404034586068896,0.0
-54.341719502888026,61.74790305839996,0.0
-53.97174304751288,62.084258376683486,0.0
-53.60138066041646,62.41332167021426,0.0
-53.230681185863055,62.73530650916892,0.0
-52.85969175191692,63.0504191633375,0.0
-52.48845784200157,63.3588588550202,0.0
-52.11702336303599,63.66081800574154,0.0
-51.745430710306564,63.95648247651791,0.0
-51.37372082922888,64.24603180148756,0.0
-69.10879272935772,36.55680907082337,75.0
-68.8395743502323,37.54975093134382,76.0
-68.56453191986478,38.516926307102764,75.0
-68.28391876630053,39.45879522196015,77.0
-67.99798064991025,40.37584867157093,67.0
-67.7069556283405,41.268603000839555,70.0
-67.41107398450173,42.13759477388825,76.0
-67.11055820962483,42.98337612537691,75.0
-66.80562303393475,43.80651057601796,81.0
-66.49647549805128,44.60756929065913,75.0
-66.18331505880768,45.38712775415095,82.0
-65.86633372376211,46.14576283817511,82.0
-65.54571620925057,46.8840502310918,78.0
-65.22164011738255,47.602562202499804,67.0
-64.89427612790544,48.30186567443501,66.0
-64.5637882013551,48.982520571829035,54.000004
-64.23033379036525,49.64507842589161,46.0
-63.89406405642665,50.29008120537127,51.0
-63.5551240897666,50.918060352107624,52.999996
-63.21365313036295,51.52953599884724,47.0
-62.869784788414385,52.1250163489018,46.0
-62.52364726286228,52.704997198838974,36.0
-62.17536355680248,53.26996158698116,27.000002
-61.825051688838116,53.82037955202106,0.0
-61.47282489961154,54.35670798752864,0.0
-61.11879185291542,54.87939057950913,0.0
-60.76305683092384,55.38885781546961,0.0
-60.405719923204394,55.885527054658745,0.0
-60.04687720927622,56.36980265025811,0.0
-59.68662093456571,56.84207611532777,0.0
-59.32503967968621,57.30272632524271,0.0
-58.962218523029534,57.752119750207626,0.0
-58.5982391967086,58.190610712206855,0.0
-58.233180235932345,58.618541661441064,0.0
-57.86711712192889,59.03624346792648,0.0
-57.5001224185594,59.44403572449223,0.0
-57.13226590278721,59.8422270579111,0.0
-56.76361468918285,60.23111544534469,0.0
-56.394233348657686,60.61098853367965,0.0
-56.02418402162751,60.9821239596826,0.0
-55.65352652581254,61.34478966921133,0.0
-55.28231845888348,61.69924423399363,0.0
-54.9106152961635,62.045737164725516,0.0
-54.538470483595624,62.38450921945184,0.0
-54.16593552618173,62.71579270637694,0.0
-53.793060072096424,63.039811780414524,0.0
-53.41989199267418,63.35678273292625,0.0
-53.04647745846287,63.66691427422022,0.0
-52.67286101153099,63.97040780848655,0.0
-52.299085634210186,64.26745770093736,0.0
-51.92519281444709,64.55825153699745,0.0
-51.55122260793326,64.84297037345806,0.0
-69.19201385833044,38.316135891965885,83.0
-68.91196750327256,39.28940686250036,84.0
-68.62637798456602,40.236358309273825,85.0
-68.3354977196292,41.15754687208514,84.0
-68.0395706877872,42.05355261998767,83.0
-67.73883240393563,42.9249736385826,85.0
-67.43350994787606,43.77242116786547,82.0
-67.12382204111829,44.59651526494125,75.0
-66.80997916364822,45.397880961834595,58.0
-66.49218370386879,46.17714488598207,67.0
-66.17063013561732,46.93493230955278,69.0
-65.8455052168341,47.67186459327259,77.0
-65.51698820509229,48.3885569907235,83.0
-65.18525108579342,49.08561677997488,82.0
-64.8504588093825,49.76364169072618,71.0
-64.51276953443839,50.42321859677336,54.000004
-64.1723348739509,51.064922445447955,55.0
-63.8293001425059,51.68931539763406,63.0
-63.483804602464346,52.29694615397516,52.999996
-63.135981707545916,52.88834944488788,34.0
-62.78595934251332,53.464045663962686,29.0
-62.43386005790278,54.02454062622273,26.0
-62.07980129896365,54.57032543451122,24.0
-61.72389562815868,55.10187643897051,0.0
-61.36625094073723,55.619655276155136,0.0
-61.00697067303252,56.124108975782235,0.0
-60.6461540032509,56.61567012446617,0.0
-60.28389604462011,57.094757077012105,0.0
-59.92028803084585,57.56177420695957,0.0
-59.55541749389515,58.017112189077494,0.0
-59.18936843418045,58.461148307422974,0.0
-58.82222148326481,58.89424678339336,0.0
-58.45405405924479,59.31675911893323,0.0
-58.08494051499589,59.72902445070991,0.0
-57.71495227948848,60.131369911651326,0.0
-57.34415799239731,60.52411099675425,0.0
-56.97262363224,60.90755193052584,0.0
-56.60041263828734,61.28198603382155,0.0
-56.22758602649195,61.647696088196014,0.0
-55.854202499683964,62.004954696191696,0.0
-55.480318552280735,62.35402463626132,0.0
-55.10598856975558,62.69515921125556,0.0
-54.731264923105705,63.02860258961297,0.0
-54.356198058554504,63.35459013856752,0.0
-53.980836582716805,63.673348748842294,0.0
-53.60522734344896,63.98509715043187,0.0
-53.22941550659761,64.29004621918874,0.0
-52.85344462885396,64.5883992740274,0.0
-52.47735672691132,64.88035236464265,0.0
-52.10119234311639,65.16609454970907,0.0
-51.72499060779598,65.44580816558754,0.0
-69.54106022791161,39.10937358379591,89.0
-67.7525092365912,44.58482045885515,94.0
-67.43800008850639,45.40924860803494,93.0
-67.1193998208536,46.21029416892122,79.0
-66.7969134899307,46.98863785647407,78.0
-66.47073776402719,47.74495589383814,70.0
-66.14106116629948,48.47991750426972,74.0
-65.80806433189579,49.19418278839086,86.0
-65.47192027506274,49.88840094812476,91.0
-65.13279466257117,50.563208820744,82.0
-64.79084609034798,51.21922968879116,66.0
-64.44622636069052,51.85707233409927,62.0
-64.09908075787713,52.47733030666081,67.0
-63.74954832037135,53.08058138160108,65.0
-63.39776210815497,53.66738717995549,42.0
-63.043849464018415,54.23829293129312,27.000002
-62.68793226789096,54.79382735844758,0.0
-62.33012718351137,55.334502666693794,0.0
-61.97054589692626,55.860814621637324,0.0
-61.60929534646128,56.37324270185934,0.0
-61.246477943944136,56.872250313984544,0.0
-60.882191787068855,57.35828505931763,0.0
-60.51653086288425,57.83177904253009,0.0
-60.149585242464205,58.29314921408383,0.0
-59.78144126687978,58.742797739157055,0.0
-59.412181724642,59.181112386802816,0.0
-59.0418860208226,59.60846693392887,0.0
-58.67063033809061,60.02522157944899,0.0
-58.298487789924145,60.43172336463006,0.0
-57.92552856627294,60.82830659625243,0.0
-57.55182007195756,61.21529326972413,0.0
-57.17742705809771,61.5929934897469,0.0
-56.802411746863854,61.96170588653291,0.0
-56.42683394984616,62.321718025919644,0.0
-56.05075118033218,62.673306812034696,0.0
-55.6742187597787,63.01673888142492,0.0
-55.29728991875819,63.3522709877921,0.0
-54.92001589265112,63.68015037667331,0.0
-54.54244601234829,64.00061514957233,0.0
-54.164627790217175,64.31389461719259,0.0
-53.786607001577174,64.62020964154442,0.0
-53.40842776191881,64.91977296680358,0.0
-53.03013260009171,65.21278953888547,0.0
-52.65176252767647,65.49945681377294,0.0
-52.27335710474516,65.77996505469652,0.0
-51.89495450220627,66.0544976183167,0.0
-67.09730285779797,47.8221552998118,94.0
-66.76645854412898,48.57633437499735,89.0
-66.43218965256743,49.308664916524876,79.0
-66.09467788621788,50.01985364201955,74.0
-65.75409698255898,50.71059313749964,87.0
-65.4106130251054,51.38156053259345,84.0
-65.06438475519819,52.033416459694934,77.0
-64.7155638814184,52.66680426181418,74.0
-64.3642953845776,53.28234941703131,74.0
-64.0107178166382,53.880659150520245,69.0
-63.65496359226296,54.46232220802562,52.0
-63.2971592719898,55.02790876742481,33.0
-62.937425836282735,55.57797046756728,0.0
-62.57587894992437,56.1130405359483,0.0
-62.21262921639737,56.63363399894044,0.0
-61.84778242205346,57.140247960278224,0.0
-61.481439769994395,57.63336193527501,0.0
-61.11369810369169,58.1134382298567,0.0
-60.74465012045646,58.58092235493508,0.0
-60.3743845749366,59.03624346792648,0.0
-60.002986472871854,59.479814834360624,0.0
-59.63053725537801,59.912034303534256,0.0
-59.257114974061324,60.333284793053544,0.0
-58.88279445728675,60.743934777892925,0.0
-58.507647467938234,61.14433878028348,0.0
-58.13174285301777,61.53483785734516,0.0
-57.75514668543432,61.915760083898945,0.0
-57.37792239833366,62.28742102835055,0.0
-57.00013091231706,62.65012421993012,0.0
-56.62183075589068,63.00416160591338,0.0
-56.243078179480314,63.3498139977418,0.0
-55.86392726333669,63.68735150521117,0.0
-55.484430019646034,64.01703395811242,0.0
-55.104636489149506,64.339111314892,0.0
-54.72459483256347,64.6538240580533,0.0
-54.34435141708015,64.9614035761527,0.0
-53.963950898216396,65.26207253235225,0.0
-53.58343629726549,65.55604521958347,0.0
-53.20284907459533,65.84352790245167,0.0
-52.82222919902396,66.1247191460725,0.0
-52.44161521349194,66.39981013208224,0.0
-52.061044297239555,66.66898496210393,0.0
-67.3931428662534,48.678238721993395,93.0
-66.71868987622186,50.15855178060604,95.0
-66.03158900682436,51.552554670829274,79.0
-65.68372609369712,52.219020824869666,78.0
-65.33320215777067,52.86606837289687,77.0
-64.9801685101819,53.494375789808984,82.0
-64.62476953693736,54.104600865402176,81.0
-64.26714302503524,54.69738049753246,82.0
-63.9074204784975,55.273330641629286,68.0
-63.54572742351461,55.83304639197069,40.0
-63.18218370215431,56.37710217304094,27.000002
-62.816903754293776,56.90605202194519,0.0
-62.44999688760754,57.42042994525657,0.0
-62.08156753558366,57.92075033583156,0.0
-61.71171550365647,58.407508437063186,0.0
-61.340536203635,58.88118084376338,0.0
-60.96812087667923,59.34222603039358,0.0
-60.594556805131525,59.791084898711176,0.0
-60.21992751355348,60.228181338087595,0.0
-59.844312959347825,60.65392279279461,0.0
-59.46778971336676,61.068700831466224,0.0
-59.09043113092032,61.47289171473661,0.0
-58.71230751360495,61.86685695774372,0.0
-58.333486262373334,62.250943884784995,0.0
-57.95403202226369,62.62548617392647,0.0
-57.574006819199354,62.99080438981008,0.0
-57.19347018926122,63.34720650328377,0.0
-56.812479300823455,63.6949883968038,0.0
-56.431089069930856,64.0344343548352,0.0
-56.049352269281854,64.36581753871035,0.0
-55.66731963116718,64.68940044560355,0.0
-55.285039944698624,65.00543535144499,0.0
-54.90256014764789,65.3141647377361,0.0
-54.519925413199836,65.61582170234286,0.0
-54.137179231909556,65.91063035443729,0.0
-53.75436348913833,66.19880619383457,0.0
-53.37151853822868,66.48055647503398,0.0
-52.98868326966514,66.75608055632075,0.0
-52.605895176453714,67.02557023432338,0.0
-52.22319041594027,67.28921006444905,0.0
-65.59711035525285,53.71745696459966,63.0
-65.23985714276569,54.34002617280532,83.0
-64.88032492052346,54.94429426318594,87.0
-64.51865041696861,55.53092785267484,81.0
-64.15496394725143,56.100570021505305,67.0
-63.78938974020865,56.65384058583434,38.0
-63.422046251459946,57.19133647060235,27.000002
-63.053046462504845,57.713632163273004,0.0
-62.68249816586202,58.22128023172195,0.0
-62.31050423641877,58.71481189187845,0.0
-61.93716288926014,59.19473761279088,0.0
-61.562567924323474,59.66154774860926,0.0
-61.1868089582835,60.115713188577956,0.0
-60.80997164411521,60.55768601753061,0.0
-60.43213787881134,60.987900180598395,0.0
-60.05338599975012,61.406772146902625,0.0
-59.673790970218235,61.814701567917986,0.0
-59.293424554597266,62.21207192698474,0.0
-58.912355483718116,62.59925117712763,0.0
-58.53064961088072,62.976592364921586,0.0
-58.14837005902536,63.34443423864275,0.0
-57.76557735952747,63.70310183936548,0.0
-57.38232958307324,64.05290707402524,0.0
-56.99868246305474,64.39414926976947,0.0
-56.61468951190643,64.72711570917195,0.0
-56.230402130786,65.05208214609854,0.0
-55.84586971298313,65.36931330218717,0.0
-55.461139741421626,65.67906334404972,0.0
-55.07625788060157,65.98157634142139,0.0
-54.69126806330961,66.27708670657768,0.0
-54.30621257240821,66.56581961541532,0.0
-53.92113211799722,66.84799141065203,0.0
-53.5360659102244,67.12380998764519,0.0
-53.15105172800629,67.39347516336302,0.0
-52.766125983904736,67.65717902906471,0.0
-52.38132378539062,67.91510628726117,0.0
-65.85591696393911,54.58783302481864,67.0
-65.49444264175284,55.203973721731685,85.0
-65.13077958888432,55.80161823569071,85.0
-64.7650631675312,56.381462748359816,80.0
-64.39742221393995,56.94417718844633,64.0
-64.02797938683311,57.49040571790919,47.0
-63.65685149939286,58.02076730562467,26.0
-63.284149834935924,58.535856369134244,0.0
-62.90998044655601,59.03624346792648,0.0
-62.53444444111723,59.522476034193005,0.0
-62.15763824806545,59.99507912917599,0.0
-61.77965387358404,60.454556215124505,0.0
-61.40057914066219,60.90138993452743,0.0
-61.0204979156721,61.33604288971847,0.0
-60.639490322064916,61.75895841718091,0.0
-60.25763294180177,62.17056135193816,0.0
-59.87499900513312,62.57125877832243,0.0
-59.49165856933062,62.96144076418709,0.0
-59.10767868696347,63.34148107628611,0.0
-58.72312356429301,63.71173787509978,0.0
-58.33805471034073,64.07255438785536,0.0
-57.95253107716274,64.4242595588851,0.0
-57.56660919184203,64.76716867679166,0.0
-57.18034328068547,65.10158397816474,0.0
-56.79378538608988,65.427795227816,0.0
-56.40698547651743,65.74608027568343,0.0
-56.01999154999756,66.05670559070478,0.0
-55.63284973154989,66.35992677207838,0.0
-55.24560436490044,66.65598903842249,0.0
-54.858298098842035,66.9451276954176,0.0
-54.470971968569636,67.22756858256902,0.0
-54.08366547230099,67.50352849976743,0.0
-53.69641664347517,67.7732156143502,0.0
-53.30926211880281,68.03682984938393,0.0
-52.922237202425784,68.29456325389442,0.0
-52.53537592642737,68.54660035577233,0.0
-65.74373401714196,56.08641301165963,86.0
-65.3759481340302,56.676737830953996,94.0
-65.00620135345079,57.2491234197558,92.0
-64.63462073232311,57.804266065286754,75.0
-64.26132707817192,58.34283369842306,47.0
-63.88643529924485,58.86546668748062,29.0
-63.510054735949744,59.372778684461856,0.0
-63.132289474144955,59.865357507739716,0.0
-62.75323864090166,60.34376604776387,0.0
-62.37299668341744,60.808543184631276,0.0
-61.991653631799764,61.26020470831195,0.0
-61.60929534646128,61.69924423399363,0.0
-61.226003750877645,62.12613410644049,0.0
-60.8418570504575,62.54132628848317,0.0
-60.45692993826472,62.9452532297928,0.0
-60.07129378831641,63.338328712969826,0.0
-59.68501683715974,63.720948674717086,0.0
-59.29816435440611,64.09349200048563,0.0
-58.91079880287383,64.4563212914991,0.0
-58.52297998896289,64.80978360349141,0.0
-58.134765203854975,65.15421115684555,0.0
-57.74620935610301,65.48992201811065,0.0
-57.35736509614427,65.81722075310994,0.0
-56.968282933242236,66.13639905203915,0.0
-56.5790113453336,66.44773632710536,0.0
-56.189596882229246,66.75150028337146,0.0
-55.8000842625912,67.04794746356039,0.0
-55.41051646508223,67.3373237676381,0.0
-55.02093481405993,67.61986494804043,0.0
-54.63137906016423,67.89579708143857,0.0
-54.24188745612516,68.16533701795473,0.0
-53.85249682809655,68.4286928087454,0.0
-53.46324264280223,68.68606411286666,0.0
-53.07415907076201,68.93764258432601,0.0
-52.68527904584809,69.18361224020978,0.0
-66.35743472452356,56.38642879640919,95.0
-65.98753664548602,56.987511943460504,100.0
-65.61564191322184,57.569791807678705,100.0
-65.24188218515289,58.134022306396325,98.0
-64.86638242979284,58.68092535931937,83.0
-64.48926131578493,59.21119186929746,68.0
-64.11063157912835,59.72548275517969,49.0
-63.730600369317855,60.22443001851897,0.0
-63.349269575209355,60.70863782901574,0.0
-62.96673613148218,61.17868361627966,0.0
-62.583092306603284,61.63511915778738,0.0
-62.198425973214576,62.078471654873795,0.0
-61.81282086186541,62.509244790257654,0.0
-61.42635679900187,62.927919762007235,0.0
-61.039109930104814,63.33495629003525,0.0
-60.65115292884288,63.730793592203135,0.0
-60.26255519307577,64.11585132794106,0.0
-59.873383028509124,64.49053050797542,0.0
-59.483699820765835,64.85521436932105,0.0
-59.09356619660201,65.21026921515723,0.0
-58.70304017495669,65.55604521958347,0.0
-58.31217730848828,65.89287719755279,0.0
-57.92103081621253,66.2210853405209,0.0
-57.52965170782109,66.54097591853844,0.0
-57.138088900224695,66.85284194965824,0.0
-56.74638932683167,67.15696383763822,0.0
-56.35459804003991,67.45360997899921,0.0
-55.96275830738994,67.74303734055036,0.0
-55.57091170179821,68.02549200852803,0.0
-55.17909818626131,68.30120971051018,0.0
-54.78735619339696,68.57041631127126,0.0
-54.395722700162416,68.83332828373443,0.0
-54.00423329806869,69.09015315616084,0.0
-53.61292225918703,69.34108993669251,0.0
-53.22182259822434,69.58632951633618,0.0
-52.830966130925454,69.8260550514431,0.0
-66.59974062380749,57.31501847927439,91.0
-66.22565253047517,57.90740867126584,100.0
-65.8496693145677,58.480889814932794,100.0
-65.47192027506274,59.03624346792648,100.0
-65.09252797641572,59.57421619803874,98.0
-64.71160865613412,60.09552084421109,84.0
-64.32927260779857,60.600837806615495,54.000004
-63.945624540589215,61.090816348852165,25.0
-63.560763916427675,61.56607589850972,0.0
-63.17478526587198,62.02720733504795,0.0
-62.78777848390616,62.474774256255664,0.0
-62.39982910675552,62.90931421646441,0.0
-62.01101857083546,63.33133993131167,0.0
-61.62142445490851,63.74134044519272,0.0
-61.23112070648629,64.13978225865313,0.0
-60.84017785346859,64.52711041389333,0.0
-60.44866320196596,64.90374953730785,0.0
-60.05664102120413,65.27010483859367,0.0
-59.66417271636012,65.62656306645448,0.0
-59.271316990131574,65.9734934213208,0.0
-58.878129993793564,66.31124842581573,0.0
-58.484665468451254,66.64016475393551,0.0
-58.09097487715183,66.96056402009647,0.0
-57.697107528476955,67.27275352933374,0.0
-57.303110692196256,67.57702699003148,0.0
-56.90902970752347,67.87366519062671,0.0
-56.51490808448078,68.1629366417642,0.0
-56.12078759884222,68.4450981853946,0.0
-55.72670838109472,68.7203955723046,0.0
-55.33270899982501,68.98906400955238,0.0
-54.93882653991238,69.25132867925377,0.0
-54.54509667588035,69.50740523012972,0.0
-54.15155374073593,69.75750024318454,0.0
-53.7582307906017,70.00181167283817,0.0
-53.365159665424805,70.24052926478679,0.0
-52.97237104602651,70.47383495181539,0.0
-66.83613498224983,58.26332874340633,97.0
-66.4578806077844,58.84620841182654,100.0
-66.07783606380515,59.41010947985576,100.0
-65.69612794412868,59.95583993007403,97.0
-65.3128760893689,60.48416971391566,93.0
-64.92819401141858,60.99583231352292,70.0
-64.54218929065063,61.49152630591392,43.0
-64.15496394725142,61.97191691434766,36.0
-63.766614788110736,62.43763753497042,25.0
-63.37723373068201,62.8892912295063,0.0
-62.9869081051992,63.32745217698257,0.0
-62.59572093659541,63.7526670793267,0.0
-62.20375120741866,64.16545651719088,0.0
-61.81107410298427,64.56631625360448,0.0
-61.417761239943076,64.95571848406577,0.0
-61.023880879383135,65.33411303250053,0.0
-60.629498125519106,65.70192849316662,0.0
-60.234675110962144,66.05957331909964,0.0
-59.83947116950145,66.40743685809551,0.0
-59.44394299726944,66.74589033753345,0.0
-59.048144803105586,67.07528779957276,0.0
-58.652128448879616,67.39596698842126,0.0
-58.255943580482615,67.70825019148815,0.0
-57.85963775014579,68.0124450363038,0.0
-57.46325653070019,68.30884524512679,0.0
-57.066843622347726,68.59773134916738,0.0
-56.67044095247252,68.87937136434486,0.0
-56.27408876898395,69.15402143046676,0.0
-55.87782572764731,69.42192641567604,0.0
-55.481688973824724,69.68332048796024,0.0
-55.08571421901809,69.93842765545722,0.0
-54.689935812577836,70.18746227722822,0.0
-54.29438680891391,70.43062954610099,0.0
-53.8990990305216,70.66812594511664,0.0
-53.50410312711131,70.90013967904343,0.0
-53.109428631110916,71.12685108235074,0.0
-67.06640659699544,59.23145831564262,97.0
-66.68401709683678,59.80398015627049,97.0
-66.29994557445201,60.35749342349764,96.0
-65.91431556834952,60.892830980337365,87.0
-65.52724387420152,61.41078459687773,82.0
-65.13884098424943,61.91210683179097,68.0
-64.74921149676291,62.39751288560505,58.0
-64.3584544973346,62.86768241306408,49.0
-63.96666391375957,63.323261285024046,42.0
-63.57392884619726,63.764863292896294,31.0
-63.180333874249214,64.19307179074994,0.0
-62.78595934251332,64.60844127189029,0.0
-62.390881626096636,65.01149887810574,0.0
-61.99517337748811,65.40274584087713,0.0
-61.598903756110595,65.78265885471396,0.0
-61.202138641790036,66.15169138346481,0.0
-60.80494083330065,66.51027490097405,0.0
-60.40737023306773,66.8588200678527,0.0
-60.00948401903611,67.19771784642296,0.0
-59.61133680464173,67.52734055610087,0.0
-59.21298078775787,67.84804287161634,0.0
-58.81446588942357,68.16016276655091,0.0
-58.415839883104326,68.46402240470746,0.0
-58.01714851517846,68.75992898182682,0.0
-57.61843561729221,69.04817552013847,0.0
-57.219743211177416,69.32904161818372,0.0
-56.82111160648235,69.602794158285,0.0
-56.4225794921233,69.86968797395873,0.0
-56.02418402162751,70.12996647948432,0.0
-55.62596089290146,70.38386226375135,0.0
-55.227944422826084,70.63159765041397,0.0
-54.83016761705012,70.87338522628609,0.0
-54.432662235324436,71.10942833981593,0.0
-54.035458852694404,71.33992157138422,0.0
-53.638586916843664,71.56505117707799,0.0
-53.242074801860035,71.7849955075022,0.0
-67.29034150970438,60.219464831173795,89.0
-66.90385590188578,60.78075330951538,87.0
-66.51579934325818,61.323046229056025,94.0
-66.12629196682799,61.8471994364671,80.0
-65.7354472040953,62.35402463626132,83.0
-65.34337223704091,62.844291608275334,83.0
-64.95016841761256,63.318730362609465,74.0
-64.55593165687237,63.778033222445536,58.0
-64.16075278588458,64.22285682810192,42.0
-63.764717890326125,64.6538240580533,24.0
-63.367908620700184,65.07152586453873,0.0
-62.97040247992508,65.47652302288282,0.0
-62.57227308996351,65.86934779483387,0.0
-62.1735904390492,66.25050550713324,0.0
-61.774421110964646,66.62047604722338,0.0
-61.374828497722085,66.97971527851689,0.0
-60.97487299690359,67.32865637801915,0.0
-60.57461219482535,67.66771109935128,0.0
-60.17410103660369,67.99727096438093,0.0
-59.7733919841206,68.31770838675507,0.0
-59.37253516280942,68.62937773065681,0.0
-58.97157849811144,68.9326163080915,0.0
-58.57056784238796,69.22774531795417,0.0
-58.16954709301118,69.51507073005229,0.0
-57.76855830230108,69.79488411715903,0.0
-57.36764177992275,70.06746343806049,0.0
-56.966836188310815,70.33307377443826,0.0
-56.56617863164234,70.59196802430264,0.0
-56.1657047388395,70.84438755456033,0.0
-55.76544874104463,71.09056281517084,0.0
-55.365443543975886,71.3307139172158,0.0
-54.965720795540044,71.56505117707799,0.0
-54.56631094904872,71.79377562880316,0.0
-54.16724332235822,72.017079506598,0.0
-53.76854615322751,72.23514669930252,0.0
-53.37024665116666,72.44815317856475,0.0
-67.1171890644869,61.77651428763783,75.0
-66.72519739255307,62.306731391110056,79.0
-66.33186483254373,62.81888891452279,78.0
-65.93730113797906,63.313816277153606,76.0
-65.54160989668952,63.79229832348605,78.0
-65.14488895779826,64.25507778928385,78.0
-64.74723082636056,64.70285766141271,55.0
-64.34872302806696,65.13630342824813,35.0
-63.94944844627423,65.55604521958347,33.0
-63.5494856334845,65.96267983656422,0.0
-63.148909099249046,66.35677267340479,0.0
-62.74778957633605,66.73885953356678,0.0
-62.34619426686694,67.10944834375168,0.0
-61.944187069999565,67.46902076953457,0.0
-61.54182879261591,67.81803373677971,0.0
-61.139177344359105,68.1569208631672,0.0
-60.73628791825882,68.48609380424811,0.0
-60.33321315808534,68.80594351845772,0.0
-59.930003313481855,69.1168414554688,0.0
-59.52670638383847,69.4191406721745,0.0
-59.123368251794865,69.7131768804659,0.0
-58.7200328071847,69.9992694308204,0.0
-58.31674206216952,70.27772223555296,0.0
-57.913536258248364,70.54882463540713,0.0
-57.510453965773046,70.81285221298349,0.0
-57.107532176547764,71.07006755632067,0.0
-56.70480639004437,71.3207209757639,0.0
-56.302310693721104,71.56505117707799,0.0
-55.900077837893356,71.80328589358925,0.0
-55.498139305568024,72.0356424799732,0.0
-55.09652537762032,72.26232847014502,0.0
-54.69526519366094,72.48354210155622,0.0
-54.29438680891391,72.69947280805499,0.0
-53.89391724739948,72.91030168332999,0.0
-53.49388255169335,73.116201916826,0.0
-67.32380726900156,62.791203108746636,90.0
-66.92793876066887,63.3084682788947,94.0
-66.53084120664064,63.80780112703461,85.0
-66.1326203779728,64.29004621918874,67.0
-65.73337599475411,64.75600099746458,51.0
-65.33320215777066,65.20641856295609,46.0
-64.93218774604165,65.6420103156372,34.0
-64.5304167829534,66.06344845213036,22.0
-64.12796877352632,66.4713683239146,31.0
-63.72491901516297,66.86637065977855,0.0
-63.321338884046604,67.24902365721238,0.0
-62.91729609919046,67.61986494804043,0.0
-62.51285496597781,67.97940344398434,0.0
-62.10807660088378,68.32812106806034,0.0
-61.70301913893059,68.66647437779628,0.0
-61.297737925298826,68.99489608623155,0.0
-60.89228569239803,69.31379648656545,0.0
-60.486712723589996,69.62356478616361,0.0
-60.08106700465671,69.92457035543644,0.0
-59.67539436401257,70.2171638968794,0.0
-59.26973860257472,70.5016785393231,0.0
-58.8641416141279,70.7784308621892,0.0
-58.458643496948824,71.04772185429192,0.0
-58.05328265738979,71.3098378114694,0.0
-57.64809590606204,71.56505117707799,0.0
-57.24311854720482,71.81362132913758,0.0
-56.838384461776585,72.0557953176791,0.0
-56.433926184760075,72.29180855561974,0.0
-56.02977497713076,72.52188546627403,0.0
-55.62596089290145,72.74624009040463,0.0
-55.222512841621224,72.96507665552195,0.0
-54.819458646675244,73.17859010995917,0.0
-54.41682509970397,73.38696662407685,0.0
-54.01463801143373,73.5903840607906,0.0
-53.61292225918703,73.78901241746347,0.0
-67.12382204111829,64.32812915110999,94.0
-66.72302799655006,64.81379324549566,83.0
-66.3212197661939,65.2825590889166,72.0
-65.91849294293917,65.73523393799697,50.0
-65.51493764818949,66.17257861942957,34.0
-65.11063892949238,66.5953104489677,0.0
-64.70567712555395,67.00410597391668,0.0
-64.30012820142626,67.39960354577813,0.0
-63.89406405642665,67.7824057304817,0.0
-63.48755280713286,68.15308156411355,0.0
-63.08065904759907,68.51216866228556,0.0
-62.673444088752134,68.86017519134235,0.0
-62.265966178756955,69.19758170952046,0.0
-61.8582807059824,69.52484288599035,0.0
-61.45044038605539,69.84238910545518,0.0
-61.042495434358685,70.15062796567584,0.0
-60.63449372520784,70.44994567495193,0.0
-60.22648093883213,70.74070835623284,0.0
-59.81850069718496,71.0232632641656,0.0
-59.41059468951777,71.29793992102121,0.0
-59.00280278856834,71.56505117707799,0.0
-58.59516315813966,71.82489420068994,0.0
-58.187712352776344,72.07775140292654,0.0
-57.7804854101839,72.32389130134653,0.0
-57.37351593697942,72.56356932715711,0.0
-56.966836188310815,72.79702857971772,0.0
-56.56047714183545,73.02450053207025,0.0
-56.15446856650616,73.24620569091806,0.0
-55.748839086574634,73.46235421423205,0.0
-55.34361624118666,73.673146489435,0.0
-54.93882653991237,73.8787736749022,0.0
-54.53449551452527,74.07941820731918,0.0
-54.13064776731778,74.27525427725257,0.0
-53.72730701621697,74.46644827512009,0.0
-67.3126459706143,65.365536264089,64.0
-66.9082325377231,65.83667536494353,73.0
-66.50291482045321,66.29115521972622,86.0
-66.09678404321875,66.72978979926236,75.0
-65.68992613510264,67.153344737778,60.000004
-65.28242212460584,67.56254052543375,33.0
-64.874348500861,67.95805548882143,0.0
-64.46577754432629,68.34052857055809,0.0
-64.05677762970573,68.7105619193482,0.0
-63.647413503592816,69.06872330187485,0.0
-63.23774653910568,69.41554834768546,0.0
-62.82783496957349,69.75154263791208,0.0
-62.4177341031426,70.07718364825021,0.0
-62.00749651999758,70.3929225561429,0.0
-61.59717225373493,70.69918592160462,0.0
-61.1868089582835,70.99637725058896,0.0
-60.77645206163667,71.28487844927001,0.0
-60.36614490754357,71.56505117707799,0.0
-59.955928886200255,71.8372381058151,0.0
-59.54584355488599,72.10176409167988,0.0
-59.13592674940261,72.35893726655341,0.0
-58.72621468709618,72.6090500544493,0.0
-58.31674206216952,72.85238011860304,0.0
-57.907542133929454,73.08919124427563,0.0
-57.49864680855499,73.31973416197114,0.0
-57.09008671491933,73.5442473154172,0.0
-56.681891274952115,73.76295757833077,0.0
-56.27408876898395,73.97608092368922,0.0
-55.866706396477475,74.18382304894345,0.0
-55.45977033251309,74.38637996035091,0.0
-55.053305780365726,74.58393851936383,0.0
-54.647337020480066,74.77667695378548,0.0
-54.24188745612516,74.96476533620125,0.0
-53.83697965598547,75.14836603200096,0.0
-67.49421006534051,66.4204591192099,35.0
-67.08626319812416,66.87620811163073,63.0
-66.67752230780174,67.31558857587076,92.0
-66.2680740314253,67.73941778343,88.0
-65.8579999146773,68.14846298530665,69.0
-65.44737680063878,68.54344486743665,32.0
-65.03627718443022,68.92504075800667,0.0
-64.62476953693736,69.29388760258507,0.0
-64.21291860052565,69.65058472262467,0.0
-63.80078565936527,69.99569637232901,0.0
-63.388428786734025,70.32975410819944,0.0
-62.97590307143466,70.65325898483556,0.0
-62.56326082525488,70.96668358978064,0.0
-62.15055177320998,71.27047392941057,0.0
-61.73782322813949,71.56505117707799,0.0
-61.3251202510753,71.85081329395453,0.0
-60.91248579866318,72.12813653227333,0.0
-60.49996085879435,72.39737682996723,0.0
-60.087584575494,72.65887110502736,0.0
-59.67539436401257,72.91293845727658,0.0
-59.26342601697686,73.15988128466064,0.0
-58.85171380237574,73.39998632060852,0.0
-58.44029055408357,73.63352559850058,0.0
-58.02918775555834,73.8607573488068,0.0
-57.61843561729221,74.08192683401751,0.0
-57.2080631485395,74.29726712608166,0.0
-56.798098223798895,74.50699983069308,0.0
-56.38856764448311,74.71133576241861,0.0
-55.979497196170556,74.91047557434506,0.0
-55.5709117017982,75.10461034562795,0.0
-55.16283507112266,75.29392213005751,0.0
-54.755290346748,75.47858446850947,0.0
-54.34829974699248,75.65876286792202,0.0
-53.94188470584302,75.83461524923177,0.0
-67.66831530411484,67.4926118990587,0.0
-67.25693002394608,67.9321004375898,46.0
-66.84486085426626,68.355564859286,90.0
-66.43218965256743,68.76382201932809,89.0
-66.0189934157121,69.15763733273788,55.0
-65.60534465954798,69.5377284765778,21.0
-65.19131176416366,69.90476880809518,0.0
-64.77695928815581,70.2593905198089,0.0
-64.36234825493348,70.60218755144177,0.0
-63.94753641377456,70.93371827743378,0.0
-63.532578478072516,71.2545079875721,0.0
-63.11752634296087,71.56505117707799,0.0
-62.70242928428072,71.86581366132148,0.0
-62.287334140655815,72.157234529207,0.0
-61.87228548026146,72.43972794819932,0.0
-61.45732575371324,72.7136848329435,0.0
-61.04249543435867,72.97947438848014,0.0
-60.62783314712664,73.23744553816725,0.0
-60.21337578697488,73.4879282455943,0.0
-59.79915862787389,73.73123473900812,0.0
-59.38521542317283,73.96766064606403,0.0
-58.97157849811144,74.19748604606448,0.0
-58.55827883516831,74.42097644624914,0.0
-58.14534615286928,74.63838368815135,0.0
-57.73280897862082,74.84994678953178,0.0
-57.32069471607982,75.0558927269397,0.0
-56.90902970752347,75.25643716352927,0.0
-56.497839291639664,75.45178512637352,0.0
-56.08714785711985,75.64213163716474,0.0
-55.67697889240134,75.82766229986805,0.0
-55.267355031874466,76.0085538486005,0.0
-54.858298098842035,76.18497465873838,0.0
-54.449829145492316,76.35708522400994,0.0
-54.04196849012441,76.52503860210554,0.0
-67.83476485624489,68.58165114484989,42.0
-67.42004542425168,69.00400764811762,42.0
-67.00475158843926,69.41073983949205,78.0
-66.58896026554292,69.80266015341748,91.0
-66.1727437676277,70.18052847040484,46.0
-65.75617016936741,70.54505604400183,21.0
-65.33930364111876,70.89690910874927,0.0
-64.92220475127289,71.23671219530726,0.0
-64.50493074099168,71.56505117707799,0.0
-64.08753577410226,71.88247607083048,0.0
-63.670071164625085,72.18950361207797,0.0
-63.252585584147695,72.48661962428795,0.0
-62.83512525102053,72.77428119943136,0.0
-62.4177341031426,73.05291870590578,0.0
-62.00045395591927,73.32293763849982,0.0
-61.583324646809125,73.58472032380047,0.0
-61.16638416773013,73.83862749327959,0.0
-60.74966878646448,74.08499973522467,0.0
-60.33321315808534,74.32415883569826,0.0
-59.91705042732506,74.55640901781237,0.0
-59.50121232271131,74.78203808778589,0.0
-59.085729243216555,75.00131849550571,0.0
-58.67063033809061,75.21450831663186,0.0
-58.255943580482615,75.42185216266783,0.0
-57.84169583539764,75.62358202485389,0.0
-57.42791292248213,75.8199180572291,0.0
-57.01461967408442,76.01106930374159,0.0
-56.60183998899453,76.19723437386382,0.0
-56.189596882229246,76.37860207078452,0.0
-55.77791253119486,76.55535197589927,0.0
-55.36680831852884,76.72765499300351,0.0
-54.9563048718944,76.89567385530297,0.0
-54.54642210097701,77.05956359809291,0.0
-54.137179231909556,77.21947199971869,0.0
-67.99336485095735,69.68717372979263,70.0
-67.57542489143866,70.09152970967384,67.0
-67.15701881587496,70.4807179477895,86.0
-66.73821847428492,70.85554218880334,93.0
-66.31909139108114,71.21675285641925,68.0
-65.89970111689316,71.56505117707799,33.0
-65.48010754674041,71.90109295154099,0.0
-65.06036720809918,72.22549200573596,0.0
-64.64053352200801,72.53882334957554,0.0
-64.2206570400033,72.84162606995781,0.0
-63.80078565936527,73.13440598182697,0.0
-63.380964818879626,73.4176380590171,0.0
-62.961237677077364,73.69176866461841,0.0
-62.5416452747009,73.95721759878823,0.0
-62.122226682954526,74.21437998026842,0.0
-61.70301913893059,74.4636279763597,0.0
-61.284058169453104,74.70531239472936,0.0
-60.86537770445035,74.93976414918083,0.0
-60.44701018085038,75.1672956103844,0.0
-60.02898663789075,75.38820185154478,0.0
-59.61133680464173,75.60276179805511,0.0
-59.19408918046058,75.81123928935025,0.0
-58.77727110902186,76.01388406041507,0.0
-58.360908846504564,76.21093264971947,0.0
-57.94502762445842,76.40260923973354,0.0
-57.5296517078211,76.58912643561753,0.0
-57.1148044485116,76.7706859871759,0.0
-56.70050833498427,76.94747945870803,0.0
-56.28678503809102,77.11968885097514,0.0
-55.873655453566535,77.2874871791285,0.0
-55.461139741421626,77.45103901010626,0.0
-55.04925736250329,77.61050096269902,0.0
-54.63802711245653,77.76602217320709,0.0
-54.22746715330107,77.91774472936011,0.0
-68.56453191986478,70.40771810894847,69.0
-68.14392518431431,70.80871518425224,84.0
-67.72288775357521,71.19420988624994,100.0
-67.3014907205017,71.56505117707799,97.0
-66.87980078173116,71.92202960781027,92.0
-66.4578806077844,72.2658820273404,70.0
-66.03578917645073,72.59729586864373,48.0
-65.61358207348444,72.91691305263723,0.0
-65.19131176416366,73.2253335460608,0.0
-64.76902783884589,73.52311860631204,0.0
-64.34677723528876,73.81079374297306,0.0
-63.92460444018526,74.0888514228605,0.0
-63.5025516720816,74.35775354279127,0.0
-63.08065904759907,74.61793369187042,0.0
-62.65896473266551,74.86979922295201,0.0
-62.237505080271134,75.11373315098244,0.0
-61.816314756095785,75.35009589418704,0.0
-61.39542685320779,75.57922687248902,0.0
-60.97487299690359,75.80144597613683,0.0
-60.554683440643124,76.01705491624698,0.0
-60.13488715393375,76.22633846782931,0.0
-59.71551190292618,76.42956561483852,0.0
-59.29658432440595,76.62699060587596,0.0
-58.87812999379356,76.81885392834025,0.0
-58.46017348770343,77.0053832080835,0.0
-58.04273844155668,77.18679404096257,0.0
-57.62584760269259,77.3632907620757,0.0
-57.209522879380025,77.53506715793502,0.0
-56.79378538608989,77.70230712633997,0.0
-56.37865548535567,77.86518528827958,0.0
-55.96415282651671,78.02386755579664,0.0
-55.55029638161111,78.17851165939275,0.0
-55.1371044786602,78.32926763823068,0.0
-54.72459483256347,78.47627829610268,0.0
-54.31278457380287,78.61967962587019,0.0
-68.70994174612696,71.56505117707799,71.0
-68.28626035852156,71.94574842850476,92.0
-67.86225795378168,72.31153375176719,98.0
-67.43800008850639,72.66323832781802,88.0
-67.01354826235438,73.00163481263642,71.0
-66.58896026554292,73.3274422007385,62.0
-66.16429049103155,73.64133023383634,51.0
-65.73959021538033,73.94392340060158,20.0
-65.3149078517825,74.23580456870002,0.0
-64.89028917834567,74.51751828595167,0.0
-64.46577754432629,74.7895737835979,0.0
-64.04141405669802,75.05244771118983,0.0
-63.61723774915489,75.30658662950877,0.0
-63.193285735403315,75.55240928515973,0.0
-62.76959334838271,75.79030868800554,0.0
-62.34619426686694,76.0206540104043,0.0
-61.92312063073341,76.24379232524569,0.0
-61.50040314604314,76.46005019802904,0.0
-61.07807118094752,76.66973514666302,0.0
-60.65615285332615,76.87313698127267,0.0
-60.234675110962144,77.07052903505634,0.0
-59.81366380497413,77.26216929612592,0.0
-59.393143757148124,77.44830144927253,0.0
-58.97313882174444,77.62915583571557,0.0
-58.55367194229526,77.80495033810132,0.0
-58.134765203854975,77.97589119731043,0.0
-57.71643988111878,78.14217376699949,0.0
-57.298716482782815,78.3039832112349,0.0
-56.8816147924819,78.46149515006857,0.0
-56.46515390660785,78.61487625744826,0.0
-56.04935226928187,78.76428481544563,0.0
-55.63422770472756,78.90987122841693,0.0
-55.21979744726832,79.05177850037927,0.0
-54.80607816915078,79.19014267858799,0.0
-54.39308600637778,79.32509326603093,0.0
-68.42019034751205,73.09768296743596,80.0
-67.99336485095735,73.44292862436335,67.0
-67.56638504939474,73.7747246388218,65.0
-67.13930724834808,74.09382091671274,66.0
-66.7121843739802,74.40091419716077,71.0
-66.2850662616147,74.69665253769905,41.0
-65.8579999146773,74.98163936884933,0.0
-65.43102973744845,75.25643716352927,0.0
-65.00419774459192,75.5215707616226,0.0
-64.57754375005716,75.77753038553448,0.0
-64.15110553763424,76.02477437856182,0.0
-63.72491901516297,76.26373169437744,0.0
-63.29901835415847,76.49480416280582,0.0
-62.873436116405856,76.71836855430803,0.0
-62.44820336889435,76.93477846315268,0.0
-62.02334978830303,77.14436602709091,0.0
-61.598903756110595,77.34744349944204,0.0
-61.17489244528042,77.54430468780468,0.0
-60.75134189936567,77.7352262721076,0.0
-60.32827710478539,77.92046901338502,0.0
-59.90572205694045,78.10027886348054,0.0
-59.483699820765835,78.27488798483493,0.0
-59.06223258625186,78.44451568858067,0.0
-58.64134171941028,78.60936929833667,0.0
-58.22104780911221,78.76964494635715,0.0
-57.801370710179505,78.92552830802987,0.0
-57.38232958307324,79.07719528013075,0.0
-56.96394293048737,79.2248126077165,0.0
-56.54622863112505,79.36853846406697,0.0
-56.12920397090809,79.50852298766841,0.0
-55.712885671844504,79.64490877985199,0.0
-55.29728991875818,79.77783136636388,0.0
-54.88243238406466,79.90741962583981,0.0
-68.54554148167914,74.26386459854105,61.0
-68.1160440352952,74.58776346541862,58.0
-67.68648982820656,74.89890183861456,67.0
-67.25693002394608,75.1980019165662,79.0
-66.82741274589138,75.48573370633156,90.0
-66.39798334004686,75.76271953423893,58.0
-65.96868461034236,76.02953810995912,0.0
-65.53955702967347,76.28672819304748,0.0
-65.11063892949238,76.53479190518829,0.0
-64.6819666704003,76.77419772628541,0.0
-64.25357479588376,77.0053832080835,0.0
-63.82549617107122,77.22875743509856,0.0
-63.39776210815497,77.44470325921144,0.0
-62.97040247992508,77.65357933127316,0.0
-62.54344582268759,77.855721950433,0.0
-62.11691942968922,78.0514467495815,0.0
-61.69084943603968,78.24105023326146,0.0
-61.26526089600784,78.4248111826038,0.0
-60.84017785346859,78.60299194026267,0.0
-60.41562340618887,78.7758395869269,0.0
-59.99161976456568,78.94358701975182,0.0
-59.56818830536076,79.10645394196281,0.0
-59.145349620917365,79.26464777191768,0.0
-58.72312356429301,79.41836447905622,0.0
-58.30152929069535,79.56778935340739,0.0
-57.88058529556791,79.71309771464762,0.0
-57.460309449637016,79.85445556610367,0.0
-57.040719031197746,79.99202019855866,0.0
-69.5260757587673,74.80094368561923,87.0
-69.09414399379125,75.12904264414196,0.0
-68.66214734366837,75.4435756799257,38.0
-68.23013815121777,75.74534928177334,24.0
-67.79816550218396,76.0351086490027,56.0
-67.36627552178501,76.31354327018973,80.0
-66.93451163869153,76.58129191893126,89.0
-66.50291482045321,76.83894713442976,75.0
-66.07152378384458,77.08705924614895,42.0
-65.64037518313633,77.32613999437687,0.0
-65.20950377890054,77.55666579210676,0.0
-64.77894258961852,77.77908066806957,0.0
-64.34872302806696,77.99379892590785,0.0
-63.91887502420756,78.20120755026869,0.0
-63.489427136089134,78.40166838692689,0.0
-63.060406650083735,78.59552012085298,0.0
-62.63183967161779,78.7830800733526,0.0
-62.20375120741866,78.9646458369651,0.0
-61.77616524017596,79.140496764678,0.0
-61.34910479641119,79.31089532814458,0.0
-60.92259200825724,79.4760883579527,0.0
-60.49664816976906,79.6363081775529,0.0
-60.07129378831641,79.79177364118615,0.0
-59.64654863154816,79.94269108503619,0.0
-69.20428276460403,76.34521414171567,0.0
-68.76984966624624,76.63603599862759,39.0
-68.3354977196292,76.91494006376782,0.0
-67.9012707545816,77.18263176720481,27.000002
-67.46721001471303,77.43976290315443,57.0
-67.03335439000702,77.68693654101055,70.0
-66.59974062380749,77.92471141680646,88.0
-66.16640349737507,78.15360586678057,84.0
-65.73337599475411,78.3741013566914,37.0
-65.30068945032049,78.5866456536228,0.0
-64.86837368106458,78.7916556810735,0.0
-64.43645710539369,78.98952009299641,0.0
-64.00496685000687,79.18060159802123,0.0
-63.57392884619726,79.36523906125969,0.0
-63.14336791676561,79.54374940776913,0.0
-62.71330785458226,79.71642934886472,0.0
-62.28377149370719,79.88355694996181,0.0
-68.86849922248689,77.84040427147349,0.0
-68.43198195074538,78.09573428450827,35.0
-67.99567261779086,78.340707346477,23.0
-67.55960779602971,78.57593265799892,0.0
-67.12382204111829,78.801973203046,34.0
-66.68834807001491,79.01934998982645,73.0
-66.25321691943098,79.22854583980198,92.0
-65.81845808711816,79.43000877917292,64.0
-65.38409965809271,79.62415507994895,23.0
-64.95016841761256,79.81137199154652,0.0
-64.5166899524798,79.99202019855866,0.0
-68.08124719755087,79.50852298766841,0.0
-67.6433518408261,79.72128019586775,0.0
-67.20580394171517,79.92566726989723,0.0
